scenario_id,ablation,full_decision,unsafe_decision,safe_decision,false_green,prevented_by_coverage,acceptable_rate,cost_per_acceptable_usd,p95_task_cost_usd,incremental_value_usd
a5-t0.1-h0-l0-bc0-ba0.7-ah0-v5,outcome_quality,STOP,STOP,INCOMPLETE,false,false,0.500,0.2000,0.1000,-1.1000
a5-t0.1-h0-l0-bc0-ba0.7-ah0-v5,unit_economics,STOP,STOP,INCOMPLETE,false,false,0.500,0.2000,0.1000,-1.1000
a5-t0.1-h0-l0-bc0-ba0.7-ah0-v5,tail_risk,STOP,STOP,INCOMPLETE,false,false,0.500,0.2000,0.1000,-1.1000
a5-t0.1-h0-l0-bc0-ba0.7-ah0-v5,business_value,STOP,STOP,INCOMPLETE,false,false,0.500,0.2000,0.1000,-1.1000
a5-t0.1-h0-l0-bc0-ba0.7-ah0-v5,counterfactual,STOP,ASSIST,INCOMPLETE,false,false,0.500,0.2000,0.1000,-1.1000
a5-t0.1-h0-l0-bc0-ba0.7-ah0-v5,runtime_caps,STOP,STOP,INCOMPLETE,false,false,0.500,0.2000,0.1000,-1.1000
a5-t0.1-h0-l0-bc0-ba0.95-ah0-v5,outcome_quality,STOP,STOP,INCOMPLETE,false,false,0.500,0.2000,0.1000,-2.3500
a5-t0.1-h0-l0-bc0-ba0.95-ah0-v5,unit_economics,STOP,STOP,INCOMPLETE,false,false,0.500,0.2000,0.1000,-2.3500
a5-t0.1-h0-l0-bc0-ba0.95-ah0-v5,tail_risk,STOP,STOP,INCOMPLETE,false,false,0.500,0.2000,0.1000,-2.3500
a5-t0.1-h0-l0-bc0-ba0.95-ah0-v5,business_value,STOP,STOP,INCOMPLETE,false,false,0.500,0.2000,0.1000,-2.3500
a5-t0.1-h0-l0-bc0-ba0.95-ah0-v5,counterfactual,STOP,ASSIST,INCOMPLETE,false,false,0.500,0.2000,0.1000,-2.3500
a5-t0.1-h0-l0-bc0-ba0.95-ah0-v5,runtime_caps,STOP,STOP,INCOMPLETE,false,false,0.500,0.2000,0.1000,-2.3500
a5-t0.1-h0-l0-bc4-ba0.7-ah0-v5,outcome_quality,ASSIST,SCALE,INCOMPLETE,true,true,0.500,0.2000,0.1000,2.9000
a5-t0.1-h0-l0-bc4-ba0.7-ah0-v5,unit_economics,ASSIST,ASSIST,INCOMPLETE,false,false,0.500,0.2000,0.1000,2.9000
a5-t0.1-h0-l0-bc4-ba0.7-ah0-v5,tail_risk,ASSIST,ASSIST,INCOMPLETE,false,false,0.500,0.2000,0.1000,2.9000
a5-t0.1-h0-l0-bc4-ba0.7-ah0-v5,business_value,ASSIST,ASSIST,INCOMPLETE,false,false,0.500,0.2000,0.1000,2.9000
a5-t0.1-h0-l0-bc4-ba0.7-ah0-v5,counterfactual,ASSIST,ASSIST,INCOMPLETE,false,false,0.500,0.2000,0.1000,2.9000
a5-t0.1-h0-l0-bc4-ba0.7-ah0-v5,runtime_caps,ASSIST,ASSIST,INCOMPLETE,false,false,0.500,0.2000,0.1000,2.9000
a5-t0.1-h0-l0-bc4-ba0.95-ah0-v5,outcome_quality,ASSIST,SCALE,INCOMPLETE,true,true,0.500,0.2000,0.1000,1.6500
a5-t0.1-h0-l0-bc4-ba0.95-ah0-v5,unit_economics,ASSIST,ASSIST,INCOMPLETE,false,false,0.500,0.2000,0.1000,1.6500
a5-t0.1-h0-l0-bc4-ba0.95-ah0-v5,tail_risk,ASSIST,ASSIST,INCOMPLETE,false,false,0.500,0.2000,0.1000,1.6500
a5-t0.1-h0-l0-bc4-ba0.95-ah0-v5,business_value,ASSIST,ASSIST,INCOMPLETE,false,false,0.500,0.2000,0.1000,1.6500
a5-t0.1-h0-l0-bc4-ba0.95-ah0-v5,counterfactual,ASSIST,ASSIST,INCOMPLETE,false,false,0.500,0.2000,0.1000,1.6500
a5-t0.1-h0-l0-bc4-ba0.95-ah0-v5,runtime_caps,ASSIST,ASSIST,INCOMPLETE,false,false,0.500,0.2000,0.1000,1.6500
a5-t0.1-h0-l10-bc0-ba0.7-ah0-v5,outcome_quality,STOP,STOP,INCOMPLETE,false,false,0.500,2.2000,10.1000,-2.1000
a5-t0.1-h0-l10-bc0-ba0.7-ah0-v5,unit_economics,STOP,STOP,INCOMPLETE,false,false,0.500,2.2000,10.1000,-2.1000
a5-t0.1-h0-l10-bc0-ba0.7-ah0-v5,tail_risk,STOP,STOP,INCOMPLETE,false,false,0.500,2.2000,10.1000,-2.1000
a5-t0.1-h0-l10-bc0-ba0.7-ah0-v5,business_value,STOP,STOP,INCOMPLETE,false,false,0.500,2.2000,10.1000,-2.1000
a5-t0.1-h0-l10-bc0-ba0.7-ah0-v5,counterfactual,STOP,ASSIST,INCOMPLETE,false,false,0.500,2.2000,10.1000,-2.1000
a5-t0.1-h0-l10-bc0-ba0.7-ah0-v5,runtime_caps,STOP,STOP,INCOMPLETE,false,false,0.500,2.2000,10.1000,-2.1000
a5-t0.1-h0-l10-bc0-ba0.95-ah0-v5,outcome_quality,STOP,STOP,INCOMPLETE,false,false,0.500,2.2000,10.1000,-3.3500
a5-t0.1-h0-l10-bc0-ba0.95-ah0-v5,unit_economics,STOP,STOP,INCOMPLETE,false,false,0.500,2.2000,10.1000,-3.3500
a5-t0.1-h0-l10-bc0-ba0.95-ah0-v5,tail_risk,STOP,STOP,INCOMPLETE,false,false,0.500,2.2000,10.1000,-3.3500
a5-t0.1-h0-l10-bc0-ba0.95-ah0-v5,business_value,STOP,STOP,INCOMPLETE,false,false,0.500,2.2000,10.1000,-3.3500
a5-t0.1-h0-l10-bc0-ba0.95-ah0-v5,counterfactual,STOP,ASSIST,INCOMPLETE,false,false,0.500,2.2000,10.1000,-3.3500
a5-t0.1-h0-l10-bc0-ba0.95-ah0-v5,runtime_caps,STOP,STOP,INCOMPLETE,false,false,0.500,2.2000,10.1000,-3.3500
a5-t0.1-h0-l10-bc4-ba0.7-ah0-v5,outcome_quality,ASSIST,ASSIST,INCOMPLETE,false,false,0.500,2.2000,10.1000,1.9000
a5-t0.1-h0-l10-bc4-ba0.7-ah0-v5,unit_economics,ASSIST,ASSIST,INCOMPLETE,false,false,0.500,2.2000,10.1000,1.9000
a5-t0.1-h0-l10-bc4-ba0.7-ah0-v5,tail_risk,ASSIST,ASSIST,INCOMPLETE,false,false,0.500,2.2000,10.1000,1.9000
a5-t0.1-h0-l10-bc4-ba0.7-ah0-v5,business_value,ASSIST,ASSIST,INCOMPLETE,false,false,0.500,2.2000,10.1000,1.9000
a5-t0.1-h0-l10-bc4-ba0.7-ah0-v5,counterfactual,ASSIST,ASSIST,INCOMPLETE,false,false,0.500,2.2000,10.1000,1.9000
a5-t0.1-h0-l10-bc4-ba0.7-ah0-v5,runtime_caps,ASSIST,ASSIST,INCOMPLETE,false,false,0.500,2.2000,10.1000,1.9000
a5-t0.1-h0-l10-bc4-ba0.95-ah0-v5,outcome_quality,ASSIST,ASSIST,INCOMPLETE,false,false,0.500,2.2000,10.1000,0.6500
a5-t0.1-h0-l10-bc4-ba0.95-ah0-v5,unit_economics,ASSIST,ASSIST,INCOMPLETE,false,false,0.500,2.2000,10.1000,0.6500
a5-t0.1-h0-l10-bc4-ba0.95-ah0-v5,tail_risk,ASSIST,ASSIST,INCOMPLETE,false,false,0.500,2.2000,10.1000,0.6500
a5-t0.1-h0-l10-bc4-ba0.95-ah0-v5,business_value,ASSIST,ASSIST,INCOMPLETE,false,false,0.500,2.2000,10.1000,0.6500
a5-t0.1-h0-l10-bc4-ba0.95-ah0-v5,counterfactual,ASSIST,ASSIST,INCOMPLETE,false,false,0.500,2.2000,10.1000,0.6500
a5-t0.1-h0-l10-bc4-ba0.95-ah0-v5,runtime_caps,ASSIST,ASSIST,INCOMPLETE,false,false,0.500,2.2000,10.1000,0.6500
a5-t0.1-h5-l0-bc0-ba0.7-ah0-v5,outcome_quality,STOP,STOP,INCOMPLETE,false,false,0.500,5.2000,5.1000,-3.6000
a5-t0.1-h5-l0-bc0-ba0.7-ah0-v5,unit_economics,STOP,STOP,INCOMPLETE,false,false,0.500,5.2000,5.1000,-3.6000
a5-t0.1-h5-l0-bc0-ba0.7-ah0-v5,tail_risk,STOP,STOP,INCOMPLETE,false,false,0.500,5.2000,5.1000,-3.6000
a5-t0.1-h5-l0-bc0-ba0.7-ah0-v5,business_value,STOP,STOP,INCOMPLETE,false,false,0.500,5.2000,5.1000,-3.6000
a5-t0.1-h5-l0-bc0-ba0.7-ah0-v5,counterfactual,STOP,STOP,INCOMPLETE,false,false,0.500,5.2000,5.1000,-3.6000
a5-t0.1-h5-l0-bc0-ba0.7-ah0-v5,runtime_caps,STOP,STOP,INCOMPLETE,false,false,0.500,5.2000,5.1000,-3.6000
a5-t0.1-h5-l0-bc0-ba0.95-ah0-v5,outcome_quality,STOP,STOP,INCOMPLETE,false,false,0.500,5.2000,5.1000,-4.8500
a5-t0.1-h5-l0-bc0-ba0.95-ah0-v5,unit_economics,STOP,STOP,INCOMPLETE,false,false,0.500,5.2000,5.1000,-4.8500
a5-t0.1-h5-l0-bc0-ba0.95-ah0-v5,tail_risk,STOP,STOP,INCOMPLETE,false,false,0.500,5.2000,5.1000,-4.8500
a5-t0.1-h5-l0-bc0-ba0.95-ah0-v5,business_value,STOP,STOP,INCOMPLETE,false,false,0.500,5.2000,5.1000,-4.8500
a5-t0.1-h5-l0-bc0-ba0.95-ah0-v5,counterfactual,STOP,STOP,INCOMPLETE,false,false,0.500,5.2000,5.1000,-4.8500
a5-t0.1-h5-l0-bc0-ba0.95-ah0-v5,runtime_caps,STOP,STOP,INCOMPLETE,false,false,0.500,5.2000,5.1000,-4.8500
a5-t0.1-h5-l0-bc4-ba0.7-ah0-v5,outcome_quality,STOP,STOP,INCOMPLETE,false,false,0.500,5.2000,5.1000,0.4000
a5-t0.1-h5-l0-bc4-ba0.7-ah0-v5,unit_economics,STOP,STOP,INCOMPLETE,false,false,0.500,5.2000,5.1000,0.4000
a5-t0.1-h5-l0-bc4-ba0.7-ah0-v5,tail_risk,STOP,STOP,INCOMPLETE,false,false,0.500,5.2000,5.1000,0.4000
a5-t0.1-h5-l0-bc4-ba0.7-ah0-v5,business_value,STOP,ASSIST,INCOMPLETE,false,false,0.500,5.2000,5.1000,0.4000
a5-t0.1-h5-l0-bc4-ba0.7-ah0-v5,counterfactual,STOP,STOP,INCOMPLETE,false,false,0.500,5.2000,5.1000,0.4000
a5-t0.1-h5-l0-bc4-ba0.7-ah0-v5,runtime_caps,STOP,STOP,INCOMPLETE,false,false,0.500,5.2000,5.1000,0.4000
a5-t0.1-h5-l0-bc4-ba0.95-ah0-v5,outcome_quality,STOP,STOP,INCOMPLETE,false,false,0.500,5.2000,5.1000,-0.8500
a5-t0.1-h5-l0-bc4-ba0.95-ah0-v5,unit_economics,STOP,STOP,INCOMPLETE,false,false,0.500,5.2000,5.1000,-0.8500
a5-t0.1-h5-l0-bc4-ba0.95-ah0-v5,tail_risk,STOP,STOP,INCOMPLETE,false,false,0.500,5.2000,5.1000,-0.8500
a5-t0.1-h5-l0-bc4-ba0.95-ah0-v5,business_value,STOP,STOP,INCOMPLETE,false,false,0.500,5.2000,5.1000,-0.8500
a5-t0.1-h5-l0-bc4-ba0.95-ah0-v5,counterfactual,STOP,STOP,INCOMPLETE,false,false,0.500,5.2000,5.1000,-0.8500
a5-t0.1-h5-l0-bc4-ba0.95-ah0-v5,runtime_caps,STOP,STOP,INCOMPLETE,false,false,0.500,5.2000,5.1000,-0.8500
a5-t0.1-h5-l10-bc0-ba0.7-ah0-v5,outcome_quality,STOP,STOP,INCOMPLETE,false,false,0.500,7.2000,10.1000,-4.6000
a5-t0.1-h5-l10-bc0-ba0.7-ah0-v5,unit_economics,STOP,STOP,INCOMPLETE,false,false,0.500,7.2000,10.1000,-4.6000
a5-t0.1-h5-l10-bc0-ba0.7-ah0-v5,tail_risk,STOP,STOP,INCOMPLETE,false,false,0.500,7.2000,10.1000,-4.6000
a5-t0.1-h5-l10-bc0-ba0.7-ah0-v5,business_value,STOP,STOP,INCOMPLETE,false,false,0.500,7.2000,10.1000,-4.6000
a5-t0.1-h5-l10-bc0-ba0.7-ah0-v5,counterfactual,STOP,STOP,INCOMPLETE,false,false,0.500,7.2000,10.1000,-4.6000
a5-t0.1-h5-l10-bc0-ba0.7-ah0-v5,runtime_caps,STOP,STOP,INCOMPLETE,false,false,0.500,7.2000,10.1000,-4.6000
a5-t0.1-h5-l10-bc0-ba0.95-ah0-v5,outcome_quality,STOP,STOP,INCOMPLETE,false,false,0.500,7.2000,10.1000,-5.8500
a5-t0.1-h5-l10-bc0-ba0.95-ah0-v5,unit_economics,STOP,STOP,INCOMPLETE,false,false,0.500,7.2000,10.1000,-5.8500
a5-t0.1-h5-l10-bc0-ba0.95-ah0-v5,tail_risk,STOP,STOP,INCOMPLETE,false,false,0.500,7.2000,10.1000,-5.8500
a5-t0.1-h5-l10-bc0-ba0.95-ah0-v5,business_value,STOP,STOP,INCOMPLETE,false,false,0.500,7.2000,10.1000,-5.8500
a5-t0.1-h5-l10-bc0-ba0.95-ah0-v5,counterfactual,STOP,STOP,INCOMPLETE,false,false,0.500,7.2000,10.1000,-5.8500
a5-t0.1-h5-l10-bc0-ba0.95-ah0-v5,runtime_caps,STOP,STOP,INCOMPLETE,false,false,0.500,7.2000,10.1000,-5.8500
a5-t0.1-h5-l10-bc4-ba0.7-ah0-v5,outcome_quality,STOP,STOP,INCOMPLETE,false,false,0.500,7.2000,10.1000,-0.6000
a5-t0.1-h5-l10-bc4-ba0.7-ah0-v5,unit_economics,STOP,STOP,INCOMPLETE,false,false,0.500,7.2000,10.1000,-0.6000
a5-t0.1-h5-l10-bc4-ba0.7-ah0-v5,tail_risk,STOP,STOP,INCOMPLETE,false,false,0.500,7.2000,10.1000,-0.6000
a5-t0.1-h5-l10-bc4-ba0.7-ah0-v5,business_value,STOP,STOP,INCOMPLETE,false,false,0.500,7.2000,10.1000,-0.6000
a5-t0.1-h5-l10-bc4-ba0.7-ah0-v5,counterfactual,STOP,STOP,INCOMPLETE,false,false,0.500,7.2000,10.1000,-0.6000
a5-t0.1-h5-l10-bc4-ba0.7-ah0-v5,runtime_caps,STOP,STOP,INCOMPLETE,false,false,0.500,7.2000,10.1000,-0.6000
a5-t0.1-h5-l10-bc4-ba0.95-ah0-v5,outcome_quality,STOP,STOP,INCOMPLETE,false,false,0.500,7.2000,10.1000,-1.8500
a5-t0.1-h5-l10-bc4-ba0.95-ah0-v5,unit_economics,STOP,STOP,INCOMPLETE,false,false,0.500,7.2000,10.1000,-1.8500
a5-t0.1-h5-l10-bc4-ba0.95-ah0-v5,tail_risk,STOP,STOP,INCOMPLETE,false,false,0.500,7.2000,10.1000,-1.8500
a5-t0.1-h5-l10-bc4-ba0.95-ah0-v5,business_value,STOP,STOP,INCOMPLETE,false,false,0.500,7.2000,10.1000,-1.8500
a5-t0.1-h5-l10-bc4-ba0.95-ah0-v5,counterfactual,STOP,STOP,INCOMPLETE,false,false,0.500,7.2000,10.1000,-1.8500
a5-t0.1-h5-l10-bc4-ba0.95-ah0-v5,runtime_caps,STOP,STOP,INCOMPLETE,false,false,0.500,7.2000,10.1000,-1.8500
a5-t1.5-h0-l0-bc0-ba0.7-ah0-v5,outcome_quality,STOP,STOP,INCOMPLETE,false,false,0.500,3.0000,1.5000,-2.5000
a5-t1.5-h0-l0-bc0-ba0.7-ah0-v5,unit_economics,STOP,STOP,INCOMPLETE,false,false,0.500,3.0000,1.5000,-2.5000
a5-t1.5-h0-l0-bc0-ba0.7-ah0-v5,tail_risk,STOP,STOP,INCOMPLETE,false,false,0.500,3.0000,1.5000,-2.5000
a5-t1.5-h0-l0-bc0-ba0.7-ah0-v5,business_value,STOP,STOP,INCOMPLETE,false,false,0.500,3.0000,1.5000,-2.5000
a5-t1.5-h0-l0-bc0-ba0.7-ah0-v5,counterfactual,STOP,ASSIST,INCOMPLETE,false,false,0.500,3.0000,1.5000,-2.5000
a5-t1.5-h0-l0-bc0-ba0.7-ah0-v5,runtime_caps,STOP,STOP,INCOMPLETE,false,false,0.500,3.0000,1.5000,-2.5000
a5-t1.5-h0-l0-bc0-ba0.95-ah0-v5,outcome_quality,STOP,STOP,INCOMPLETE,false,false,0.500,3.0000,1.5000,-3.7500
a5-t1.5-h0-l0-bc0-ba0.95-ah0-v5,unit_economics,STOP,STOP,INCOMPLETE,false,false,0.500,3.0000,1.5000,-3.7500
a5-t1.5-h0-l0-bc0-ba0.95-ah0-v5,tail_risk,STOP,STOP,INCOMPLETE,false,false,0.500,3.0000,1.5000,-3.7500
a5-t1.5-h0-l0-bc0-ba0.95-ah0-v5,business_value,STOP,STOP,INCOMPLETE,false,false,0.500,3.0000,1.5000,-3.7500
a5-t1.5-h0-l0-bc0-ba0.95-ah0-v5,counterfactual,STOP,ASSIST,INCOMPLETE,false,false,0.500,3.0000,1.5000,-3.7500
a5-t1.5-h0-l0-bc0-ba0.95-ah0-v5,runtime_caps,STOP,STOP,INCOMPLETE,false,false,0.500,3.0000,1.5000,-3.7500
a5-t1.5-h0-l0-bc4-ba0.7-ah0-v5,outcome_quality,ASSIST,ASSIST,INCOMPLETE,false,false,0.500,3.0000,1.5000,1.5000
a5-t1.5-h0-l0-bc4-ba0.7-ah0-v5,unit_economics,ASSIST,ASSIST,INCOMPLETE,false,false,0.500,3.0000,1.5000,1.5000
a5-t1.5-h0-l0-bc4-ba0.7-ah0-v5,tail_risk,ASSIST,ASSIST,INCOMPLETE,false,false,0.500,3.0000,1.5000,1.5000
a5-t1.5-h0-l0-bc4-ba0.7-ah0-v5,business_value,ASSIST,ASSIST,INCOMPLETE,false,false,0.500,3.0000,1.5000,1.5000
a5-t1.5-h0-l0-bc4-ba0.7-ah0-v5,counterfactual,ASSIST,ASSIST,INCOMPLETE,false,false,0.500,3.0000,1.5000,1.5000
a5-t1.5-h0-l0-bc4-ba0.7-ah0-v5,runtime_caps,ASSIST,ASSIST,INCOMPLETE,false,false,0.500,3.0000,1.5000,1.5000
a5-t1.5-h0-l0-bc4-ba0.95-ah0-v5,outcome_quality,ASSIST,ASSIST,INCOMPLETE,false,false,0.500,3.0000,1.5000,0.2500
a5-t1.5-h0-l0-bc4-ba0.95-ah0-v5,unit_economics,ASSIST,ASSIST,INCOMPLETE,false,false,0.500,3.0000,1.5000,0.2500
a5-t1.5-h0-l0-bc4-ba0.95-ah0-v5,tail_risk,ASSIST,ASSIST,INCOMPLETE,false,false,0.500,3.0000,1.5000,0.2500
a5-t1.5-h0-l0-bc4-ba0.95-ah0-v5,business_value,ASSIST,ASSIST,INCOMPLETE,false,false,0.500,3.0000,1.5000,0.2500
a5-t1.5-h0-l0-bc4-ba0.95-ah0-v5,counterfactual,ASSIST,ASSIST,INCOMPLETE,false,false,0.500,3.0000,1.5000,0.2500
a5-t1.5-h0-l0-bc4-ba0.95-ah0-v5,runtime_caps,ASSIST,ASSIST,INCOMPLETE,false,false,0.500,3.0000,1.5000,0.2500
a5-t1.5-h0-l10-bc0-ba0.7-ah0-v5,outcome_quality,STOP,STOP,INCOMPLETE,false,false,0.500,5.0000,11.5000,-3.5000
a5-t1.5-h0-l10-bc0-ba0.7-ah0-v5,unit_economics,STOP,STOP,INCOMPLETE,false,false,0.500,5.0000,11.5000,-3.5000
a5-t1.5-h0-l10-bc0-ba0.7-ah0-v5,tail_risk,STOP,STOP,INCOMPLETE,false,false,0.500,5.0000,11.5000,-3.5000
a5-t1.5-h0-l10-bc0-ba0.7-ah0-v5,business_value,STOP,STOP,INCOMPLETE,false,false,0.500,5.0000,11.5000,-3.5000
a5-t1.5-h0-l10-bc0-ba0.7-ah0-v5,counterfactual,STOP,ASSIST,INCOMPLETE,false,false,0.500,5.0000,11.5000,-3.5000
a5-t1.5-h0-l10-bc0-ba0.7-ah0-v5,runtime_caps,STOP,STOP,INCOMPLETE,false,false,0.500,5.0000,11.5000,-3.5000
a5-t1.5-h0-l10-bc0-ba0.95-ah0-v5,outcome_quality,STOP,STOP,INCOMPLETE,false,false,0.500,5.0000,11.5000,-4.7500
a5-t1.5-h0-l10-bc0-ba0.95-ah0-v5,unit_economics,STOP,STOP,INCOMPLETE,false,false,0.500,5.0000,11.5000,-4.7500
a5-t1.5-h0-l10-bc0-ba0.95-ah0-v5,tail_risk,STOP,STOP,INCOMPLETE,false,false,0.500,5.0000,11.5000,-4.7500
a5-t1.5-h0-l10-bc0-ba0.95-ah0-v5,business_value,STOP,STOP,INCOMPLETE,false,false,0.500,5.0000,11.5000,-4.7500
a5-t1.5-h0-l10-bc0-ba0.95-ah0-v5,counterfactual,STOP,ASSIST,INCOMPLETE,false,false,0.500,5.0000,11.5000,-4.7500
a5-t1.5-h0-l10-bc0-ba0.95-ah0-v5,runtime_caps,STOP,STOP,INCOMPLETE,false,false,0.500,5.0000,11.5000,-4.7500
a5-t1.5-h0-l10-bc4-ba0.7-ah0-v5,outcome_quality,ASSIST,ASSIST,INCOMPLETE,false,false,0.500,5.0000,11.5000,0.5000
a5-t1.5-h0-l10-bc4-ba0.7-ah0-v5,unit_economics,ASSIST,ASSIST,INCOMPLETE,false,false,0.500,5.0000,11.5000,0.5000
a5-t1.5-h0-l10-bc4-ba0.7-ah0-v5,tail_risk,ASSIST,ASSIST,INCOMPLETE,false,false,0.500,5.0000,11.5000,0.5000
a5-t1.5-h0-l10-bc4-ba0.7-ah0-v5,business_value,ASSIST,ASSIST,INCOMPLETE,false,false,0.500,5.0000,11.5000,0.5000
a5-t1.5-h0-l10-bc4-ba0.7-ah0-v5,counterfactual,ASSIST,ASSIST,INCOMPLETE,false,false,0.500,5.0000,11.5000,0.5000
a5-t1.5-h0-l10-bc4-ba0.7-ah0-v5,runtime_caps,ASSIST,ASSIST,INCOMPLETE,false,false,0.500,5.0000,11.5000,0.5000
a5-t1.5-h0-l10-bc4-ba0.95-ah0-v5,outcome_quality,STOP,STOP,INCOMPLETE,false,false,0.500,5.0000,11.5000,-0.7500
a5-t1.5-h0-l10-bc4-ba0.95-ah0-v5,unit_economics,STOP,STOP,INCOMPLETE,false,false,0.500,5.0000,11.5000,-0.7500
a5-t1.5-h0-l10-bc4-ba0.95-ah0-v5,tail_risk,STOP,STOP,INCOMPLETE,false,false,0.500,5.0000,11.5000,-0.7500
a5-t1.5-h0-l10-bc4-ba0.95-ah0-v5,business_value,STOP,STOP,INCOMPLETE,false,false,0.500,5.0000,11.5000,-0.7500
a5-t1.5-h0-l10-bc4-ba0.95-ah0-v5,counterfactual,STOP,ASSIST,INCOMPLETE,false,false,0.500,5.0000,11.5000,-0.7500
a5-t1.5-h0-l10-bc4-ba0.95-ah0-v5,runtime_caps,STOP,STOP,INCOMPLETE,false,false,0.500,5.0000,11.5000,-0.7500
a5-t1.5-h5-l0-bc0-ba0.7-ah0-v5,outcome_quality,STOP,STOP,INCOMPLETE,false,false,0.500,8.0000,6.5000,-5.0000
a5-t1.5-h5-l0-bc0-ba0.7-ah0-v5,unit_economics,STOP,STOP,INCOMPLETE,false,false,0.500,8.0000,6.5000,-5.0000
a5-t1.5-h5-l0-bc0-ba0.7-ah0-v5,tail_risk,STOP,STOP,INCOMPLETE,false,false,0.500,8.0000,6.5000,-5.0000
a5-t1.5-h5-l0-bc0-ba0.7-ah0-v5,business_value,STOP,STOP,INCOMPLETE,false,false,0.500,8.0000,6.5000,-5.0000
a5-t1.5-h5-l0-bc0-ba0.7-ah0-v5,counterfactual,STOP,STOP,INCOMPLETE,false,false,0.500,8.0000,6.5000,-5.0000
a5-t1.5-h5-l0-bc0-ba0.7-ah0-v5,runtime_caps,STOP,STOP,INCOMPLETE,false,false,0.500,8.0000,6.5000,-5.0000
a5-t1.5-h5-l0-bc0-ba0.95-ah0-v5,outcome_quality,STOP,STOP,INCOMPLETE,false,false,0.500,8.0000,6.5000,-6.2500
a5-t1.5-h5-l0-bc0-ba0.95-ah0-v5,unit_economics,STOP,STOP,INCOMPLETE,false,false,0.500,8.0000,6.5000,-6.2500
a5-t1.5-h5-l0-bc0-ba0.95-ah0-v5,tail_risk,STOP,STOP,INCOMPLETE,false,false,0.500,8.0000,6.5000,-6.2500
a5-t1.5-h5-l0-bc0-ba0.95-ah0-v5,business_value,STOP,STOP,INCOMPLETE,false,false,0.500,8.0000,6.5000,-6.2500
a5-t1.5-h5-l0-bc0-ba0.95-ah0-v5,counterfactual,STOP,STOP,INCOMPLETE,false,false,0.500,8.0000,6.5000,-6.2500
a5-t1.5-h5-l0-bc0-ba0.95-ah0-v5,runtime_caps,STOP,STOP,INCOMPLETE,false,false,0.500,8.0000,6.5000,-6.2500
a5-t1.5-h5-l0-bc4-ba0.7-ah0-v5,outcome_quality,STOP,STOP,INCOMPLETE,false,false,0.500,8.0000,6.5000,-1.0000
a5-t1.5-h5-l0-bc4-ba0.7-ah0-v5,unit_economics,STOP,STOP,INCOMPLETE,false,false,0.500,8.0000,6.5000,-1.0000
a5-t1.5-h5-l0-bc4-ba0.7-ah0-v5,tail_risk,STOP,STOP,INCOMPLETE,false,false,0.500,8.0000,6.5000,-1.0000
a5-t1.5-h5-l0-bc4-ba0.7-ah0-v5,business_value,STOP,STOP,INCOMPLETE,false,false,0.500,8.0000,6.5000,-1.0000
a5-t1.5-h5-l0-bc4-ba0.7-ah0-v5,counterfactual,STOP,STOP,INCOMPLETE,false,false,0.500,8.0000,6.5000,-1.0000
a5-t1.5-h5-l0-bc4-ba0.7-ah0-v5,runtime_caps,STOP,STOP,INCOMPLETE,false,false,0.500,8.0000,6.5000,-1.0000
a5-t1.5-h5-l0-bc4-ba0.95-ah0-v5,outcome_quality,STOP,STOP,INCOMPLETE,false,false,0.500,8.0000,6.5000,-2.2500
a5-t1.5-h5-l0-bc4-ba0.95-ah0-v5,unit_economics,STOP,STOP,INCOMPLETE,false,false,0.500,8.0000,6.5000,-2.2500
a5-t1.5-h5-l0-bc4-ba0.95-ah0-v5,tail_risk,STOP,STOP,INCOMPLETE,false,false,0.500,8.0000,6.5000,-2.2500
a5-t1.5-h5-l0-bc4-ba0.95-ah0-v5,business_value,STOP,STOP,INCOMPLETE,false,false,0.500,8.0000,6.5000,-2.2500
a5-t1.5-h5-l0-bc4-ba0.95-ah0-v5,counterfactual,STOP,STOP,INCOMPLETE,false,false,0.500,8.0000,6.5000,-2.2500
a5-t1.5-h5-l0-bc4-ba0.95-ah0-v5,runtime_caps,STOP,STOP,INCOMPLETE,false,false,0.500,8.0000,6.5000,-2.2500
a5-t1.5-h5-l10-bc0-ba0.7-ah0-v5,outcome_quality,STOP,STOP,INCOMPLETE,false,false,0.500,10.0000,11.5000,-6.0000
a5-t1.5-h5-l10-bc0-ba0.7-ah0-v5,unit_economics,STOP,STOP,INCOMPLETE,false,false,0.500,10.0000,11.5000,-6.0000
a5-t1.5-h5-l10-bc0-ba0.7-ah0-v5,tail_risk,STOP,STOP,INCOMPLETE,false,false,0.500,10.0000,11.5000,-6.0000
a5-t1.5-h5-l10-bc0-ba0.7-ah0-v5,business_value,STOP,STOP,INCOMPLETE,false,false,0.500,10.0000,11.5000,-6.0000
a5-t1.5-h5-l10-bc0-ba0.7-ah0-v5,counterfactual,STOP,STOP,INCOMPLETE,false,false,0.500,10.0000,11.5000,-6.0000
a5-t1.5-h5-l10-bc0-ba0.7-ah0-v5,runtime_caps,STOP,STOP,INCOMPLETE,false,false,0.500,10.0000,11.5000,-6.0000
a5-t1.5-h5-l10-bc0-ba0.95-ah0-v5,outcome_quality,STOP,STOP,INCOMPLETE,false,false,0.500,10.0000,11.5000,-7.2500
a5-t1.5-h5-l10-bc0-ba0.95-ah0-v5,unit_economics,STOP,STOP,INCOMPLETE,false,false,0.500,10.0000,11.5000,-7.2500
a5-t1.5-h5-l10-bc0-ba0.95-ah0-v5,tail_risk,STOP,STOP,INCOMPLETE,false,false,0.500,10.0000,11.5000,-7.2500
a5-t1.5-h5-l10-bc0-ba0.95-ah0-v5,business_value,STOP,STOP,INCOMPLETE,false,false,0.500,10.0000,11.5000,-7.2500
a5-t1.5-h5-l10-bc0-ba0.95-ah0-v5,counterfactual,STOP,STOP,INCOMPLETE,false,false,0.500,10.0000,11.5000,-7.2500
a5-t1.5-h5-l10-bc0-ba0.95-ah0-v5,runtime_caps,STOP,STOP,INCOMPLETE,false,false,0.500,10.0000,11.5000,-7.2500
a5-t1.5-h5-l10-bc4-ba0.7-ah0-v5,outcome_quality,STOP,STOP,INCOMPLETE,false,false,0.500,10.0000,11.5000,-2.0000
a5-t1.5-h5-l10-bc4-ba0.7-ah0-v5,unit_economics,STOP,STOP,INCOMPLETE,false,false,0.500,10.0000,11.5000,-2.0000
a5-t1.5-h5-l10-bc4-ba0.7-ah0-v5,tail_risk,STOP,STOP,INCOMPLETE,false,false,0.500,10.0000,11.5000,-2.0000
a5-t1.5-h5-l10-bc4-ba0.7-ah0-v5,business_value,STOP,STOP,INCOMPLETE,false,false,0.500,10.0000,11.5000,-2.0000
a5-t1.5-h5-l10-bc4-ba0.7-ah0-v5,counterfactual,STOP,STOP,INCOMPLETE,false,false,0.500,10.0000,11.5000,-2.0000
a5-t1.5-h5-l10-bc4-ba0.7-ah0-v5,runtime_caps,STOP,STOP,INCOMPLETE,false,false,0.500,10.0000,11.5000,-2.0000
a5-t1.5-h5-l10-bc4-ba0.95-ah0-v5,outcome_quality,STOP,STOP,INCOMPLETE,false,false,0.500,10.0000,11.5000,-3.2500
a5-t1.5-h5-l10-bc4-ba0.95-ah0-v5,unit_economics,STOP,STOP,INCOMPLETE,false,false,0.500,10.0000,11.5000,-3.2500
a5-t1.5-h5-l10-bc4-ba0.95-ah0-v5,tail_risk,STOP,STOP,INCOMPLETE,false,false,0.500,10.0000,11.5000,-3.2500
a5-t1.5-h5-l10-bc4-ba0.95-ah0-v5,business_value,STOP,STOP,INCOMPLETE,false,false,0.500,10.0000,11.5000,-3.2500
a5-t1.5-h5-l10-bc4-ba0.95-ah0-v5,counterfactual,STOP,STOP,INCOMPLETE,false,false,0.500,10.0000,11.5000,-3.2500
a5-t1.5-h5-l10-bc4-ba0.95-ah0-v5,runtime_caps,STOP,STOP,INCOMPLETE,false,false,0.500,10.0000,11.5000,-3.2500
a8-t0.1-h0-l0-bc0-ba0.7-ah0-v5,outcome_quality,SCALE,SCALE,INCOMPLETE,false,false,0.800,0.1250,0.1000,0.4000
a8-t0.1-h0-l0-bc0-ba0.7-ah0-v5,unit_economics,SCALE,SCALE,INCOMPLETE,false,false,0.800,0.1250,0.1000,0.4000
a8-t0.1-h0-l0-bc0-ba0.7-ah0-v5,tail_risk,SCALE,SCALE,INCOMPLETE,false,false,0.800,0.1250,0.1000,0.4000
a8-t0.1-h0-l0-bc0-ba0.7-ah0-v5,business_value,SCALE,SCALE,INCOMPLETE,false,false,0.800,0.1250,0.1000,0.4000
a8-t0.1-h0-l0-bc0-ba0.7-ah0-v5,counterfactual,SCALE,SCALE,INCOMPLETE,false,false,0.800,0.1250,0.1000,0.4000
a8-t0.1-h0-l0-bc0-ba0.7-ah0-v5,runtime_caps,SCALE,SCALE,INCOMPLETE,false,false,0.800,0.1250,0.1000,0.4000
a8-t0.1-h0-l0-bc0-ba0.95-ah0-v5,outcome_quality,STOP,STOP,INCOMPLETE,false,false,0.800,0.1250,0.1000,-0.8500
a8-t0.1-h0-l0-bc0-ba0.95-ah0-v5,unit_economics,STOP,STOP,INCOMPLETE,false,false,0.800,0.1250,0.1000,-0.8500
a8-t0.1-h0-l0-bc0-ba0.95-ah0-v5,tail_risk,STOP,STOP,INCOMPLETE,false,false,0.800,0.1250,0.1000,-0.8500
a8-t0.1-h0-l0-bc0-ba0.95-ah0-v5,business_value,STOP,STOP,INCOMPLETE,false,false,0.800,0.1250,0.1000,-0.8500
a8-t0.1-h0-l0-bc0-ba0.95-ah0-v5,counterfactual,STOP,SCALE,INCOMPLETE,true,true,0.800,0.1250,0.1000,-0.8500
a8-t0.1-h0-l0-bc0-ba0.95-ah0-v5,runtime_caps,STOP,STOP,INCOMPLETE,false,false,0.800,0.1250,0.1000,-0.8500
a8-t0.1-h0-l0-bc4-ba0.7-ah0-v5,outcome_quality,SCALE,SCALE,INCOMPLETE,false,false,0.800,0.1250,0.1000,4.4000
a8-t0.1-h0-l0-bc4-ba0.7-ah0-v5,unit_economics,SCALE,SCALE,INCOMPLETE,false,false,0.800,0.1250,0.1000,4.4000
a8-t0.1-h0-l0-bc4-ba0.7-ah0-v5,tail_risk,SCALE,SCALE,INCOMPLETE,false,false,0.800,0.1250,0.1000,4.4000
a8-t0.1-h0-l0-bc4-ba0.7-ah0-v5,business_value,SCALE,SCALE,INCOMPLETE,false,false,0.800,0.1250,0.1000,4.4000
a8-t0.1-h0-l0-bc4-ba0.7-ah0-v5,counterfactual,SCALE,SCALE,INCOMPLETE,false,false,0.800,0.1250,0.1000,4.4000
a8-t0.1-h0-l0-bc4-ba0.7-ah0-v5,runtime_caps,SCALE,SCALE,INCOMPLETE,false,false,0.800,0.1250,0.1000,4.4000
a8-t0.1-h0-l0-bc4-ba0.95-ah0-v5,outcome_quality,SCALE,SCALE,INCOMPLETE,false,false,0.800,0.1250,0.1000,3.1500
a8-t0.1-h0-l0-bc4-ba0.95-ah0-v5,unit_economics,SCALE,SCALE,INCOMPLETE,false,false,0.800,0.1250,0.1000,3.1500
a8-t0.1-h0-l0-bc4-ba0.95-ah0-v5,tail_risk,SCALE,SCALE,INCOMPLETE,false,false,0.800,0.1250,0.1000,3.1500
a8-t0.1-h0-l0-bc4-ba0.95-ah0-v5,business_value,SCALE,SCALE,INCOMPLETE,false,false,0.800,0.1250,0.1000,3.1500
a8-t0.1-h0-l0-bc4-ba0.95-ah0-v5,counterfactual,SCALE,SCALE,INCOMPLETE,false,false,0.800,0.1250,0.1000,3.1500
a8-t0.1-h0-l0-bc4-ba0.95-ah0-v5,runtime_caps,SCALE,SCALE,INCOMPLETE,false,false,0.800,0.1250,0.1000,3.1500
a8-t0.1-h0-l10-bc0-ba0.7-ah0-v5,outcome_quality,STOP,STOP,INCOMPLETE,false,false,0.800,1.3750,10.1000,-0.6000
a8-t0.1-h0-l10-bc0-ba0.7-ah0-v5,unit_economics,STOP,STOP,INCOMPLETE,false,false,0.800,1.3750,10.1000,-0.6000
a8-t0.1-h0-l10-bc0-ba0.7-ah0-v5,tail_risk,STOP,STOP,INCOMPLETE,false,false,0.800,1.3750,10.1000,-0.6000
a8-t0.1-h0-l10-bc0-ba0.7-ah0-v5,business_value,STOP,STOP,INCOMPLETE,false,false,0.800,1.3750,10.1000,-0.6000
a8-t0.1-h0-l10-bc0-ba0.7-ah0-v5,counterfactual,STOP,ASSIST,INCOMPLETE,false,false,0.800,1.3750,10.1000,-0.6000
a8-t0.1-h0-l10-bc0-ba0.7-ah0-v5,runtime_caps,STOP,STOP,INCOMPLETE,false,false,0.800,1.3750,10.1000,-0.6000
a8-t0.1-h0-l10-bc0-ba0.95-ah0-v5,outcome_quality,STOP,STOP,INCOMPLETE,false,false,0.800,1.3750,10.1000,-1.8500
a8-t0.1-h0-l10-bc0-ba0.95-ah0-v5,unit_economics,STOP,STOP,INCOMPLETE,false,false,0.800,1.3750,10.1000,-1.8500
a8-t0.1-h0-l10-bc0-ba0.95-ah0-v5,tail_risk,STOP,STOP,INCOMPLETE,false,false,0.800,1.3750,10.1000,-1.8500
a8-t0.1-h0-l10-bc0-ba0.95-ah0-v5,business_value,STOP,STOP,INCOMPLETE,false,false,0.800,1.3750,10.1000,-1.8500
a8-t0.1-h0-l10-bc0-ba0.95-ah0-v5,counterfactual,STOP,ASSIST,INCOMPLETE,false,false,0.800,1.3750,10.1000,-1.8500
a8-t0.1-h0-l10-bc0-ba0.95-ah0-v5,runtime_caps,STOP,STOP,INCOMPLETE,false,false,0.800,1.3750,10.1000,-1.8500
a8-t0.1-h0-l10-bc4-ba0.7-ah0-v5,outcome_quality,ASSIST,ASSIST,INCOMPLETE,false,false,0.800,1.3750,10.1000,3.4000
a8-t0.1-h0-l10-bc4-ba0.7-ah0-v5,unit_economics,ASSIST,ASSIST,INCOMPLETE,false,false,0.800,1.3750,10.1000,3.4000
a8-t0.1-h0-l10-bc4-ba0.7-ah0-v5,tail_risk,ASSIST,SCALE,INCOMPLETE,true,true,0.800,1.3750,10.1000,3.4000
a8-t0.1-h0-l10-bc4-ba0.7-ah0-v5,business_value,ASSIST,ASSIST,INCOMPLETE,false,false,0.800,1.3750,10.1000,3.4000
a8-t0.1-h0-l10-bc4-ba0.7-ah0-v5,counterfactual,ASSIST,ASSIST,INCOMPLETE,false,false,0.800,1.3750,10.1000,3.4000
a8-t0.1-h0-l10-bc4-ba0.7-ah0-v5,runtime_caps,ASSIST,ASSIST,INCOMPLETE,false,false,0.800,1.3750,10.1000,3.4000
a8-t0.1-h0-l10-bc4-ba0.95-ah0-v5,outcome_quality,ASSIST,ASSIST,INCOMPLETE,false,false,0.800,1.3750,10.1000,2.1500
a8-t0.1-h0-l10-bc4-ba0.95-ah0-v5,unit_economics,ASSIST,ASSIST,INCOMPLETE,false,false,0.800,1.3750,10.1000,2.1500
a8-t0.1-h0-l10-bc4-ba0.95-ah0-v5,tail_risk,ASSIST,SCALE,INCOMPLETE,true,true,0.800,1.3750,10.1000,2.1500
a8-t0.1-h0-l10-bc4-ba0.95-ah0-v5,business_value,ASSIST,ASSIST,INCOMPLETE,false,false,0.800,1.3750,10.1000,2.1500
a8-t0.1-h0-l10-bc4-ba0.95-ah0-v5,counterfactual,ASSIST,ASSIST,INCOMPLETE,false,false,0.800,1.3750,10.1000,2.1500
a8-t0.1-h0-l10-bc4-ba0.95-ah0-v5,runtime_caps,ASSIST,ASSIST,INCOMPLETE,false,false,0.800,1.3750,10.1000,2.1500
a8-t0.1-h5-l0-bc0-ba0.7-ah0-v5,outcome_quality,STOP,STOP,INCOMPLETE,false,false,0.800,1.3750,5.1000,-0.6000
a8-t0.1-h5-l0-bc0-ba0.7-ah0-v5,unit_economics,STOP,STOP,INCOMPLETE,false,false,0.800,1.3750,5.1000,-0.6000
a8-t0.1-h5-l0-bc0-ba0.7-ah0-v5,tail_risk,STOP,STOP,INCOMPLETE,false,false,0.800,1.3750,5.1000,-0.6000
a8-t0.1-h5-l0-bc0-ba0.7-ah0-v5,business_value,STOP,STOP,INCOMPLETE,false,false,0.800,1.3750,5.1000,-0.6000
a8-t0.1-h5-l0-bc0-ba0.7-ah0-v5,counterfactual,STOP,SCALE,INCOMPLETE,true,true,0.800,1.3750,5.1000,-0.6000
a8-t0.1-h5-l0-bc0-ba0.7-ah0-v5,runtime_caps,STOP,STOP,INCOMPLETE,false,false,0.800,1.3750,5.1000,-0.6000
a8-t0.1-h5-l0-bc0-ba0.95-ah0-v5,outcome_quality,STOP,STOP,INCOMPLETE,false,false,0.800,1.3750,5.1000,-1.8500
a8-t0.1-h5-l0-bc0-ba0.95-ah0-v5,unit_economics,STOP,STOP,INCOMPLETE,false,false,0.800,1.3750,5.1000,-1.8500
a8-t0.1-h5-l0-bc0-ba0.95-ah0-v5,tail_risk,STOP,STOP,INCOMPLETE,false,false,0.800,1.3750,5.1000,-1.8500
a8-t0.1-h5-l0-bc0-ba0.95-ah0-v5,business_value,STOP,STOP,INCOMPLETE,false,false,0.800,1.3750,5.1000,-1.8500
a8-t0.1-h5-l0-bc0-ba0.95-ah0-v5,counterfactual,STOP,SCALE,INCOMPLETE,true,true,0.800,1.3750,5.1000,-1.8500
a8-t0.1-h5-l0-bc0-ba0.95-ah0-v5,runtime_caps,STOP,STOP,INCOMPLETE,false,false,0.800,1.3750,5.1000,-1.8500
a8-t0.1-h5-l0-bc4-ba0.7-ah0-v5,outcome_quality,SCALE,SCALE,INCOMPLETE,false,false,0.800,1.3750,5.1000,3.4000
a8-t0.1-h5-l0-bc4-ba0.7-ah0-v5,unit_economics,SCALE,SCALE,INCOMPLETE,false,false,0.800,1.3750,5.1000,3.4000
a8-t0.1-h5-l0-bc4-ba0.7-ah0-v5,tail_risk,SCALE,SCALE,INCOMPLETE,false,false,0.800,1.3750,5.1000,3.4000
a8-t0.1-h5-l0-bc4-ba0.7-ah0-v5,business_value,SCALE,SCALE,INCOMPLETE,false,false,0.800,1.3750,5.1000,3.4000
a8-t0.1-h5-l0-bc4-ba0.7-ah0-v5,counterfactual,SCALE,SCALE,INCOMPLETE,false,false,0.800,1.3750,5.1000,3.4000
a8-t0.1-h5-l0-bc4-ba0.7-ah0-v5,runtime_caps,SCALE,SCALE,INCOMPLETE,false,false,0.800,1.3750,5.1000,3.4000
a8-t0.1-h5-l0-bc4-ba0.95-ah0-v5,outcome_quality,SCALE,SCALE,INCOMPLETE,false,false,0.800,1.3750,5.1000,2.1500
a8-t0.1-h5-l0-bc4-ba0.95-ah0-v5,unit_economics,SCALE,SCALE,INCOMPLETE,false,false,0.800,1.3750,5.1000,2.1500
a8-t0.1-h5-l0-bc4-ba0.95-ah0-v5,tail_risk,SCALE,SCALE,INCOMPLETE,false,false,0.800,1.3750,5.1000,2.1500
a8-t0.1-h5-l0-bc4-ba0.95-ah0-v5,business_value,SCALE,SCALE,INCOMPLETE,false,false,0.800,1.3750,5.1000,2.1500
a8-t0.1-h5-l0-bc4-ba0.95-ah0-v5,counterfactual,SCALE,SCALE,INCOMPLETE,false,false,0.800,1.3750,5.1000,2.1500
a8-t0.1-h5-l0-bc4-ba0.95-ah0-v5,runtime_caps,SCALE,SCALE,INCOMPLETE,false,false,0.800,1.3750,5.1000,2.1500
a8-t0.1-h5-l10-bc0-ba0.7-ah0-v5,outcome_quality,STOP,STOP,INCOMPLETE,false,false,0.800,2.6250,10.1000,-1.6000
a8-t0.1-h5-l10-bc0-ba0.7-ah0-v5,unit_economics,STOP,STOP,INCOMPLETE,false,false,0.800,2.6250,10.1000,-1.6000
a8-t0.1-h5-l10-bc0-ba0.7-ah0-v5,tail_risk,STOP,STOP,INCOMPLETE,false,false,0.800,2.6250,10.1000,-1.6000
a8-t0.1-h5-l10-bc0-ba0.7-ah0-v5,business_value,STOP,STOP,INCOMPLETE,false,false,0.800,2.6250,10.1000,-1.6000
a8-t0.1-h5-l10-bc0-ba0.7-ah0-v5,counterfactual,STOP,ASSIST,INCOMPLETE,false,false,0.800,2.6250,10.1000,-1.6000
a8-t0.1-h5-l10-bc0-ba0.7-ah0-v5,runtime_caps,STOP,STOP,INCOMPLETE,false,false,0.800,2.6250,10.1000,-1.6000
a8-t0.1-h5-l10-bc0-ba0.95-ah0-v5,outcome_quality,STOP,STOP,INCOMPLETE,false,false,0.800,2.6250,10.1000,-2.8500
a8-t0.1-h5-l10-bc0-ba0.95-ah0-v5,unit_economics,STOP,STOP,INCOMPLETE,false,false,0.800,2.6250,10.1000,-2.8500
a8-t0.1-h5-l10-bc0-ba0.95-ah0-v5,tail_risk,STOP,STOP,INCOMPLETE,false,false,0.800,2.6250,10.1000,-2.8500
a8-t0.1-h5-l10-bc0-ba0.95-ah0-v5,business_value,STOP,STOP,INCOMPLETE,false,false,0.800,2.6250,10.1000,-2.8500
a8-t0.1-h5-l10-bc0-ba0.95-ah0-v5,counterfactual,STOP,ASSIST,INCOMPLETE,false,false,0.800,2.6250,10.1000,-2.8500
a8-t0.1-h5-l10-bc0-ba0.95-ah0-v5,runtime_caps,STOP,STOP,INCOMPLETE,false,false,0.800,2.6250,10.1000,-2.8500
a8-t0.1-h5-l10-bc4-ba0.7-ah0-v5,outcome_quality,ASSIST,ASSIST,INCOMPLETE,false,false,0.800,2.6250,10.1000,2.4000
a8-t0.1-h5-l10-bc4-ba0.7-ah0-v5,unit_economics,ASSIST,ASSIST,INCOMPLETE,false,false,0.800,2.6250,10.1000,2.4000
a8-t0.1-h5-l10-bc4-ba0.7-ah0-v5,tail_risk,ASSIST,ASSIST,INCOMPLETE,false,false,0.800,2.6250,10.1000,2.4000
a8-t0.1-h5-l10-bc4-ba0.7-ah0-v5,business_value,ASSIST,ASSIST,INCOMPLETE,false,false,0.800,2.6250,10.1000,2.4000
a8-t0.1-h5-l10-bc4-ba0.7-ah0-v5,counterfactual,ASSIST,ASSIST,INCOMPLETE,false,false,0.800,2.6250,10.1000,2.4000
a8-t0.1-h5-l10-bc4-ba0.7-ah0-v5,runtime_caps,ASSIST,ASSIST,INCOMPLETE,false,false,0.800,2.6250,10.1000,2.4000
a8-t0.1-h5-l10-bc4-ba0.95-ah0-v5,outcome_quality,ASSIST,ASSIST,INCOMPLETE,false,false,0.800,2.6250,10.1000,1.1500
a8-t0.1-h5-l10-bc4-ba0.95-ah0-v5,unit_economics,ASSIST,ASSIST,INCOMPLETE,false,false,0.800,2.6250,10.1000,1.1500
a8-t0.1-h5-l10-bc4-ba0.95-ah0-v5,tail_risk,ASSIST,ASSIST,INCOMPLETE,false,false,0.800,2.6250,10.1000,1.1500
a8-t0.1-h5-l10-bc4-ba0.95-ah0-v5,business_value,ASSIST,ASSIST,INCOMPLETE,false,false,0.800,2.6250,10.1000,1.1500
a8-t0.1-h5-l10-bc4-ba0.95-ah0-v5,counterfactual,ASSIST,ASSIST,INCOMPLETE,false,false,0.800,2.6250,10.1000,1.1500
a8-t0.1-h5-l10-bc4-ba0.95-ah0-v5,runtime_caps,ASSIST,ASSIST,INCOMPLETE,false,false,0.800,2.6250,10.1000,1.1500
a8-t1.5-h0-l0-bc0-ba0.7-ah0-v5,outcome_quality,STOP,STOP,INCOMPLETE,false,false,0.800,1.8750,1.5000,-1.0000
a8-t1.5-h0-l0-bc0-ba0.7-ah0-v5,unit_economics,STOP,STOP,INCOMPLETE,false,false,0.800,1.8750,1.5000,-1.0000
a8-t1.5-h0-l0-bc0-ba0.7-ah0-v5,tail_risk,STOP,STOP,INCOMPLETE,false,false,0.800,1.8750,1.5000,-1.0000
a8-t1.5-h0-l0-bc0-ba0.7-ah0-v5,business_value,STOP,STOP,INCOMPLETE,false,false,0.800,1.8750,1.5000,-1.0000
a8-t1.5-h0-l0-bc0-ba0.7-ah0-v5,counterfactual,STOP,ASSIST,INCOMPLETE,false,false,0.800,1.8750,1.5000,-1.0000
a8-t1.5-h0-l0-bc0-ba0.7-ah0-v5,runtime_caps,STOP,STOP,INCOMPLETE,false,false,0.800,1.8750,1.5000,-1.0000
a8-t1.5-h0-l0-bc0-ba0.95-ah0-v5,outcome_quality,STOP,STOP,INCOMPLETE,false,false,0.800,1.8750,1.5000,-2.2500
a8-t1.5-h0-l0-bc0-ba0.95-ah0-v5,unit_economics,STOP,STOP,INCOMPLETE,false,false,0.800,1.8750,1.5000,-2.2500
a8-t1.5-h0-l0-bc0-ba0.95-ah0-v5,tail_risk,STOP,STOP,INCOMPLETE,false,false,0.800,1.8750,1.5000,-2.2500
a8-t1.5-h0-l0-bc0-ba0.95-ah0-v5,business_value,STOP,STOP,INCOMPLETE,false,false,0.800,1.8750,1.5000,-2.2500
a8-t1.5-h0-l0-bc0-ba0.95-ah0-v5,counterfactual,STOP,ASSIST,INCOMPLETE,false,false,0.800,1.8750,1.5000,-2.2500
a8-t1.5-h0-l0-bc0-ba0.95-ah0-v5,runtime_caps,STOP,STOP,INCOMPLETE,false,false,0.800,1.8750,1.5000,-2.2500
a8-t1.5-h0-l0-bc4-ba0.7-ah0-v5,outcome_quality,ASSIST,ASSIST,INCOMPLETE,false,false,0.800,1.8750,1.5000,3.0000
a8-t1.5-h0-l0-bc4-ba0.7-ah0-v5,unit_economics,ASSIST,ASSIST,INCOMPLETE,false,false,0.800,1.8750,1.5000,3.0000
a8-t1.5-h0-l0-bc4-ba0.7-ah0-v5,tail_risk,ASSIST,ASSIST,INCOMPLETE,false,false,0.800,1.8750,1.5000,3.0000
a8-t1.5-h0-l0-bc4-ba0.7-ah0-v5,business_value,ASSIST,ASSIST,INCOMPLETE,false,false,0.800,1.8750,1.5000,3.0000
a8-t1.5-h0-l0-bc4-ba0.7-ah0-v5,counterfactual,ASSIST,ASSIST,INCOMPLETE,false,false,0.800,1.8750,1.5000,3.0000
a8-t1.5-h0-l0-bc4-ba0.7-ah0-v5,runtime_caps,ASSIST,SCALE,INCOMPLETE,true,true,0.800,1.8750,1.5000,3.0000
a8-t1.5-h0-l0-bc4-ba0.95-ah0-v5,outcome_quality,ASSIST,ASSIST,INCOMPLETE,false,false,0.800,1.8750,1.5000,1.7500
a8-t1.5-h0-l0-bc4-ba0.95-ah0-v5,unit_economics,ASSIST,ASSIST,INCOMPLETE,false,false,0.800,1.8750,1.5000,1.7500
a8-t1.5-h0-l0-bc4-ba0.95-ah0-v5,tail_risk,ASSIST,ASSIST,INCOMPLETE,false,false,0.800,1.8750,1.5000,1.7500
a8-t1.5-h0-l0-bc4-ba0.95-ah0-v5,business_value,ASSIST,ASSIST,INCOMPLETE,false,false,0.800,1.8750,1.5000,1.7500
a8-t1.5-h0-l0-bc4-ba0.95-ah0-v5,counterfactual,ASSIST,ASSIST,INCOMPLETE,false,false,0.800,1.8750,1.5000,1.7500
a8-t1.5-h0-l0-bc4-ba0.95-ah0-v5,runtime_caps,ASSIST,SCALE,INCOMPLETE,true,true,0.800,1.8750,1.5000,1.7500
a8-t1.5-h0-l10-bc0-ba0.7-ah0-v5,outcome_quality,STOP,STOP,INCOMPLETE,false,false,0.800,3.1250,11.5000,-2.0000
a8-t1.5-h0-l10-bc0-ba0.7-ah0-v5,unit_economics,STOP,STOP,INCOMPLETE,false,false,0.800,3.1250,11.5000,-2.0000
a8-t1.5-h0-l10-bc0-ba0.7-ah0-v5,tail_risk,STOP,STOP,INCOMPLETE,false,false,0.800,3.1250,11.5000,-2.0000
a8-t1.5-h0-l10-bc0-ba0.7-ah0-v5,business_value,STOP,STOP,INCOMPLETE,false,false,0.800,3.1250,11.5000,-2.0000
a8-t1.5-h0-l10-bc0-ba0.7-ah0-v5,counterfactual,STOP,ASSIST,INCOMPLETE,false,false,0.800,3.1250,11.5000,-2.0000
a8-t1.5-h0-l10-bc0-ba0.7-ah0-v5,runtime_caps,STOP,STOP,INCOMPLETE,false,false,0.800,3.1250,11.5000,-2.0000
a8-t1.5-h0-l10-bc0-ba0.95-ah0-v5,outcome_quality,STOP,STOP,INCOMPLETE,false,false,0.800,3.1250,11.5000,-3.2500
a8-t1.5-h0-l10-bc0-ba0.95-ah0-v5,unit_economics,STOP,STOP,INCOMPLETE,false,false,0.800,3.1250,11.5000,-3.2500
a8-t1.5-h0-l10-bc0-ba0.95-ah0-v5,tail_risk,STOP,STOP,INCOMPLETE,false,false,0.800,3.1250,11.5000,-3.2500
a8-t1.5-h0-l10-bc0-ba0.95-ah0-v5,business_value,STOP,STOP,INCOMPLETE,false,false,0.800,3.1250,11.5000,-3.2500
a8-t1.5-h0-l10-bc0-ba0.95-ah0-v5,counterfactual,STOP,ASSIST,INCOMPLETE,false,false,0.800,3.1250,11.5000,-3.2500
a8-t1.5-h0-l10-bc0-ba0.95-ah0-v5,runtime_caps,STOP,STOP,INCOMPLETE,false,false,0.800,3.1250,11.5000,-3.2500
a8-t1.5-h0-l10-bc4-ba0.7-ah0-v5,outcome_quality,ASSIST,ASSIST,INCOMPLETE,false,false,0.800,3.1250,11.5000,2.0000
a8-t1.5-h0-l10-bc4-ba0.7-ah0-v5,unit_economics,ASSIST,ASSIST,INCOMPLETE,false,false,0.800,3.1250,11.5000,2.0000
a8-t1.5-h0-l10-bc4-ba0.7-ah0-v5,tail_risk,ASSIST,ASSIST,INCOMPLETE,false,false,0.800,3.1250,11.5000,2.0000
a8-t1.5-h0-l10-bc4-ba0.7-ah0-v5,business_value,ASSIST,ASSIST,INCOMPLETE,false,false,0.800,3.1250,11.5000,2.0000
a8-t1.5-h0-l10-bc4-ba0.7-ah0-v5,counterfactual,ASSIST,ASSIST,INCOMPLETE,false,false,0.800,3.1250,11.5000,2.0000
a8-t1.5-h0-l10-bc4-ba0.7-ah0-v5,runtime_caps,ASSIST,ASSIST,INCOMPLETE,false,false,0.800,3.1250,11.5000,2.0000
a8-t1.5-h0-l10-bc4-ba0.95-ah0-v5,outcome_quality,ASSIST,ASSIST,INCOMPLETE,false,false,0.800,3.1250,11.5000,0.7500
a8-t1.5-h0-l10-bc4-ba0.95-ah0-v5,unit_economics,ASSIST,ASSIST,INCOMPLETE,false,false,0.800,3.1250,11.5000,0.7500
a8-t1.5-h0-l10-bc4-ba0.95-ah0-v5,tail_risk,ASSIST,ASSIST,INCOMPLETE,false,false,0.800,3.1250,11.5000,0.7500
a8-t1.5-h0-l10-bc4-ba0.95-ah0-v5,business_value,ASSIST,ASSIST,INCOMPLETE,false,false,0.800,3.1250,11.5000,0.7500
a8-t1.5-h0-l10-bc4-ba0.95-ah0-v5,counterfactual,ASSIST,ASSIST,INCOMPLETE,false,false,0.800,3.1250,11.5000,0.7500
a8-t1.5-h0-l10-bc4-ba0.95-ah0-v5,runtime_caps,ASSIST,ASSIST,INCOMPLETE,false,false,0.800,3.1250,11.5000,0.7500
a8-t1.5-h5-l0-bc0-ba0.7-ah0-v5,outcome_quality,STOP,STOP,INCOMPLETE,false,false,0.800,3.1250,6.5000,-2.0000
a8-t1.5-h5-l0-bc0-ba0.7-ah0-v5,unit_economics,STOP,STOP,INCOMPLETE,false,false,0.800,3.1250,6.5000,-2.0000
a8-t1.5-h5-l0-bc0-ba0.7-ah0-v5,tail_risk,STOP,STOP,INCOMPLETE,false,false,0.800,3.1250,6.5000,-2.0000
a8-t1.5-h5-l0-bc0-ba0.7-ah0-v5,business_value,STOP,STOP,INCOMPLETE,false,false,0.800,3.1250,6.5000,-2.0000
a8-t1.5-h5-l0-bc0-ba0.7-ah0-v5,counterfactual,STOP,ASSIST,INCOMPLETE,false,false,0.800,3.1250,6.5000,-2.0000
a8-t1.5-h5-l0-bc0-ba0.7-ah0-v5,runtime_caps,STOP,STOP,INCOMPLETE,false,false,0.800,3.1250,6.5000,-2.0000
a8-t1.5-h5-l0-bc0-ba0.95-ah0-v5,outcome_quality,STOP,STOP,INCOMPLETE,false,false,0.800,3.1250,6.5000,-3.2500
a8-t1.5-h5-l0-bc0-ba0.95-ah0-v5,unit_economics,STOP,STOP,INCOMPLETE,false,false,0.800,3.1250,6.5000,-3.2500
a8-t1.5-h5-l0-bc0-ba0.95-ah0-v5,tail_risk,STOP,STOP,INCOMPLETE,false,false,0.800,3.1250,6.5000,-3.2500
a8-t1.5-h5-l0-bc0-ba0.95-ah0-v5,business_value,STOP,STOP,INCOMPLETE,false,false,0.800,3.1250,6.5000,-3.2500
a8-t1.5-h5-l0-bc0-ba0.95-ah0-v5,counterfactual,STOP,ASSIST,INCOMPLETE,false,false,0.800,3.1250,6.5000,-3.2500
a8-t1.5-h5-l0-bc0-ba0.95-ah0-v5,runtime_caps,STOP,STOP,INCOMPLETE,false,false,0.800,3.1250,6.5000,-3.2500
a8-t1.5-h5-l0-bc4-ba0.7-ah0-v5,outcome_quality,ASSIST,ASSIST,INCOMPLETE,false,false,0.800,3.1250,6.5000,2.0000
a8-t1.5-h5-l0-bc4-ba0.7-ah0-v5,unit_economics,ASSIST,ASSIST,INCOMPLETE,false,false,0.800,3.1250,6.5000,2.0000
a8-t1.5-h5-l0-bc4-ba0.7-ah0-v5,tail_risk,ASSIST,ASSIST,INCOMPLETE,false,false,0.800,3.1250,6.5000,2.0000
a8-t1.5-h5-l0-bc4-ba0.7-ah0-v5,business_value,ASSIST,ASSIST,INCOMPLETE,false,false,0.800,3.1250,6.5000,2.0000
a8-t1.5-h5-l0-bc4-ba0.7-ah0-v5,counterfactual,ASSIST,ASSIST,INCOMPLETE,false,false,0.800,3.1250,6.5000,2.0000
a8-t1.5-h5-l0-bc4-ba0.7-ah0-v5,runtime_caps,ASSIST,ASSIST,INCOMPLETE,false,false,0.800,3.1250,6.5000,2.0000
a8-t1.5-h5-l0-bc4-ba0.95-ah0-v5,outcome_quality,ASSIST,ASSIST,INCOMPLETE,false,false,0.800,3.1250,6.5000,0.7500
a8-t1.5-h5-l0-bc4-ba0.95-ah0-v5,unit_economics,ASSIST,ASSIST,INCOMPLETE,false,false,0.800,3.1250,6.5000,0.7500
a8-t1.5-h5-l0-bc4-ba0.95-ah0-v5,tail_risk,ASSIST,ASSIST,INCOMPLETE,false,false,0.800,3.1250,6.5000,0.7500
a8-t1.5-h5-l0-bc4-ba0.95-ah0-v5,business_value,ASSIST,ASSIST,INCOMPLETE,false,false,0.800,3.1250,6.5000,0.7500
a8-t1.5-h5-l0-bc4-ba0.95-ah0-v5,counterfactual,ASSIST,ASSIST,INCOMPLETE,false,false,0.800,3.1250,6.5000,0.7500
a8-t1.5-h5-l0-bc4-ba0.95-ah0-v5,runtime_caps,ASSIST,ASSIST,INCOMPLETE,false,false,0.800,3.1250,6.5000,0.7500
a8-t1.5-h5-l10-bc0-ba0.7-ah0-v5,outcome_quality,STOP,STOP,INCOMPLETE,false,false,0.800,4.3750,11.5000,-3.0000
a8-t1.5-h5-l10-bc0-ba0.7-ah0-v5,unit_economics,STOP,STOP,INCOMPLETE,false,false,0.800,4.3750,11.5000,-3.0000
a8-t1.5-h5-l10-bc0-ba0.7-ah0-v5,tail_risk,STOP,STOP,INCOMPLETE,false,false,0.800,4.3750,11.5000,-3.0000
a8-t1.5-h5-l10-bc0-ba0.7-ah0-v5,business_value,STOP,STOP,INCOMPLETE,false,false,0.800,4.3750,11.5000,-3.0000
a8-t1.5-h5-l10-bc0-ba0.7-ah0-v5,counterfactual,STOP,ASSIST,INCOMPLETE,false,false,0.800,4.3750,11.5000,-3.0000
a8-t1.5-h5-l10-bc0-ba0.7-ah0-v5,runtime_caps,STOP,STOP,INCOMPLETE,false,false,0.800,4.3750,11.5000,-3.0000
a8-t1.5-h5-l10-bc0-ba0.95-ah0-v5,outcome_quality,STOP,STOP,INCOMPLETE,false,false,0.800,4.3750,11.5000,-4.2500
a8-t1.5-h5-l10-bc0-ba0.95-ah0-v5,unit_economics,STOP,STOP,INCOMPLETE,false,false,0.800,4.3750,11.5000,-4.2500
a8-t1.5-h5-l10-bc0-ba0.95-ah0-v5,tail_risk,STOP,STOP,INCOMPLETE,false,false,0.800,4.3750,11.5000,-4.2500
a8-t1.5-h5-l10-bc0-ba0.95-ah0-v5,business_value,STOP,STOP,INCOMPLETE,false,false,0.800,4.3750,11.5000,-4.2500
a8-t1.5-h5-l10-bc0-ba0.95-ah0-v5,counterfactual,STOP,ASSIST,INCOMPLETE,false,false,0.800,4.3750,11.5000,-4.2500
a8-t1.5-h5-l10-bc0-ba0.95-ah0-v5,runtime_caps,STOP,STOP,INCOMPLETE,false,false,0.800,4.3750,11.5000,-4.2500
a8-t1.5-h5-l10-bc4-ba0.7-ah0-v5,outcome_quality,ASSIST,ASSIST,INCOMPLETE,false,false,0.800,4.3750,11.5000,1.0000
a8-t1.5-h5-l10-bc4-ba0.7-ah0-v5,unit_economics,ASSIST,ASSIST,INCOMPLETE,false,false,0.800,4.3750,11.5000,1.0000
a8-t1.5-h5-l10-bc4-ba0.7-ah0-v5,tail_risk,ASSIST,ASSIST,INCOMPLETE,false,false,0.800,4.3750,11.5000,1.0000
a8-t1.5-h5-l10-bc4-ba0.7-ah0-v5,business_value,ASSIST,ASSIST,INCOMPLETE,false,false,0.800,4.3750,11.5000,1.0000
a8-t1.5-h5-l10-bc4-ba0.7-ah0-v5,counterfactual,ASSIST,ASSIST,INCOMPLETE,false,false,0.800,4.3750,11.5000,1.0000
a8-t1.5-h5-l10-bc4-ba0.7-ah0-v5,runtime_caps,ASSIST,ASSIST,INCOMPLETE,false,false,0.800,4.3750,11.5000,1.0000
a8-t1.5-h5-l10-bc4-ba0.95-ah0-v5,outcome_quality,STOP,STOP,INCOMPLETE,false,false,0.800,4.3750,11.5000,-0.2500
a8-t1.5-h5-l10-bc4-ba0.95-ah0-v5,unit_economics,STOP,STOP,INCOMPLETE,false,false,0.800,4.3750,11.5000,-0.2500
a8-t1.5-h5-l10-bc4-ba0.95-ah0-v5,tail_risk,STOP,STOP,INCOMPLETE,false,false,0.800,4.3750,11.5000,-0.2500
a8-t1.5-h5-l10-bc4-ba0.95-ah0-v5,business_value,STOP,STOP,INCOMPLETE,false,false,0.800,4.3750,11.5000,-0.2500
a8-t1.5-h5-l10-bc4-ba0.95-ah0-v5,counterfactual,STOP,ASSIST,INCOMPLETE,false,false,0.800,4.3750,11.5000,-0.2500
a8-t1.5-h5-l10-bc4-ba0.95-ah0-v5,runtime_caps,STOP,STOP,INCOMPLETE,false,false,0.800,4.3750,11.5000,-0.2500
a10-t0.1-h0-l0-bc0-ba0.7-ah0-v5,outcome_quality,SCALE,SCALE,INCOMPLETE,false,false,1.000,0.1000,0.1000,1.4000
a10-t0.1-h0-l0-bc0-ba0.7-ah0-v5,unit_economics,SCALE,SCALE,INCOMPLETE,false,false,1.000,0.1000,0.1000,1.4000
a10-t0.1-h0-l0-bc0-ba0.7-ah0-v5,tail_risk,SCALE,SCALE,INCOMPLETE,false,false,1.000,0.1000,0.1000,1.4000
a10-t0.1-h0-l0-bc0-ba0.7-ah0-v5,business_value,SCALE,SCALE,INCOMPLETE,false,false,1.000,0.1000,0.1000,1.4000
a10-t0.1-h0-l0-bc0-ba0.7-ah0-v5,counterfactual,SCALE,SCALE,INCOMPLETE,false,false,1.000,0.1000,0.1000,1.4000
a10-t0.1-h0-l0-bc0-ba0.7-ah0-v5,runtime_caps,SCALE,SCALE,INCOMPLETE,false,false,1.000,0.1000,0.1000,1.4000
a10-t0.1-h0-l0-bc0-ba0.95-ah0-v5,outcome_quality,SCALE,SCALE,INCOMPLETE,false,false,1.000,0.1000,0.1000,0.1500
a10-t0.1-h0-l0-bc0-ba0.95-ah0-v5,unit_economics,SCALE,SCALE,INCOMPLETE,false,false,1.000,0.1000,0.1000,0.1500
a10-t0.1-h0-l0-bc0-ba0.95-ah0-v5,tail_risk,SCALE,SCALE,INCOMPLETE,false,false,1.000,0.1000,0.1000,0.1500
a10-t0.1-h0-l0-bc0-ba0.95-ah0-v5,business_value,SCALE,SCALE,INCOMPLETE,false,false,1.000,0.1000,0.1000,0.1500
a10-t0.1-h0-l0-bc0-ba0.95-ah0-v5,counterfactual,SCALE,SCALE,INCOMPLETE,false,false,1.000,0.1000,0.1000,0.1500
a10-t0.1-h0-l0-bc0-ba0.95-ah0-v5,runtime_caps,SCALE,SCALE,INCOMPLETE,false,false,1.000,0.1000,0.1000,0.1500
a10-t0.1-h0-l0-bc4-ba0.7-ah0-v5,outcome_quality,SCALE,SCALE,INCOMPLETE,false,false,1.000,0.1000,0.1000,5.4000
a10-t0.1-h0-l0-bc4-ba0.7-ah0-v5,unit_economics,SCALE,SCALE,INCOMPLETE,false,false,1.000,0.1000,0.1000,5.4000
a10-t0.1-h0-l0-bc4-ba0.7-ah0-v5,tail_risk,SCALE,SCALE,INCOMPLETE,false,false,1.000,0.1000,0.1000,5.4000
a10-t0.1-h0-l0-bc4-ba0.7-ah0-v5,business_value,SCALE,SCALE,INCOMPLETE,false,false,1.000,0.1000,0.1000,5.4000
a10-t0.1-h0-l0-bc4-ba0.7-ah0-v5,counterfactual,SCALE,SCALE,INCOMPLETE,false,false,1.000,0.1000,0.1000,5.4000
a10-t0.1-h0-l0-bc4-ba0.7-ah0-v5,runtime_caps,SCALE,SCALE,INCOMPLETE,false,false,1.000,0.1000,0.1000,5.4000
a10-t0.1-h0-l0-bc4-ba0.95-ah0-v5,outcome_quality,SCALE,SCALE,INCOMPLETE,false,false,1.000,0.1000,0.1000,4.1500
a10-t0.1-h0-l0-bc4-ba0.95-ah0-v5,unit_economics,SCALE,SCALE,INCOMPLETE,false,false,1.000,0.1000,0.1000,4.1500
a10-t0.1-h0-l0-bc4-ba0.95-ah0-v5,tail_risk,SCALE,SCALE,INCOMPLETE,false,false,1.000,0.1000,0.1000,4.1500
a10-t0.1-h0-l0-bc4-ba0.95-ah0-v5,business_value,SCALE,SCALE,INCOMPLETE,false,false,1.000,0.1000,0.1000,4.1500
a10-t0.1-h0-l0-bc4-ba0.95-ah0-v5,counterfactual,SCALE,SCALE,INCOMPLETE,false,false,1.000,0.1000,0.1000,4.1500
a10-t0.1-h0-l0-bc4-ba0.95-ah0-v5,runtime_caps,SCALE,SCALE,INCOMPLETE,false,false,1.000,0.1000,0.1000,4.1500
a10-t0.1-h0-l10-bc0-ba0.7-ah0-v5,outcome_quality,ASSIST,ASSIST,INCOMPLETE,false,false,1.000,1.1000,10.1000,0.4000
a10-t0.1-h0-l10-bc0-ba0.7-ah0-v5,unit_economics,ASSIST,ASSIST,INCOMPLETE,false,false,1.000,1.1000,10.1000,0.4000
a10-t0.1-h0-l10-bc0-ba0.7-ah0-v5,tail_risk,ASSIST,SCALE,INCOMPLETE,true,true,1.000,1.1000,10.1000,0.4000
a10-t0.1-h0-l10-bc0-ba0.7-ah0-v5,business_value,ASSIST,ASSIST,INCOMPLETE,false,false,1.000,1.1000,10.1000,0.4000
a10-t0.1-h0-l10-bc0-ba0.7-ah0-v5,counterfactual,ASSIST,ASSIST,INCOMPLETE,false,false,1.000,1.1000,10.1000,0.4000
a10-t0.1-h0-l10-bc0-ba0.7-ah0-v5,runtime_caps,ASSIST,ASSIST,INCOMPLETE,false,false,1.000,1.1000,10.1000,0.4000
a10-t0.1-h0-l10-bc0-ba0.95-ah0-v5,outcome_quality,STOP,STOP,INCOMPLETE,false,false,1.000,1.1000,10.1000,-0.8500
a10-t0.1-h0-l10-bc0-ba0.95-ah0-v5,unit_economics,STOP,STOP,INCOMPLETE,false,false,1.000,1.1000,10.1000,-0.8500
a10-t0.1-h0-l10-bc0-ba0.95-ah0-v5,tail_risk,STOP,STOP,INCOMPLETE,false,false,1.000,1.1000,10.1000,-0.8500
a10-t0.1-h0-l10-bc0-ba0.95-ah0-v5,business_value,STOP,STOP,INCOMPLETE,false,false,1.000,1.1000,10.1000,-0.8500
a10-t0.1-h0-l10-bc0-ba0.95-ah0-v5,counterfactual,STOP,ASSIST,INCOMPLETE,false,false,1.000,1.1000,10.1000,-0.8500
a10-t0.1-h0-l10-bc0-ba0.95-ah0-v5,runtime_caps,STOP,STOP,INCOMPLETE,false,false,1.000,1.1000,10.1000,-0.8500
a10-t0.1-h0-l10-bc4-ba0.7-ah0-v5,outcome_quality,ASSIST,ASSIST,INCOMPLETE,false,false,1.000,1.1000,10.1000,4.4000
a10-t0.1-h0-l10-bc4-ba0.7-ah0-v5,unit_economics,ASSIST,ASSIST,INCOMPLETE,false,false,1.000,1.1000,10.1000,4.4000
a10-t0.1-h0-l10-bc4-ba0.7-ah0-v5,tail_risk,ASSIST,SCALE,INCOMPLETE,true,true,1.000,1.1000,10.1000,4.4000
a10-t0.1-h0-l10-bc4-ba0.7-ah0-v5,business_value,ASSIST,ASSIST,INCOMPLETE,false,false,1.000,1.1000,10.1000,4.4000
a10-t0.1-h0-l10-bc4-ba0.7-ah0-v5,counterfactual,ASSIST,ASSIST,INCOMPLETE,false,false,1.000,1.1000,10.1000,4.4000
a10-t0.1-h0-l10-bc4-ba0.7-ah0-v5,runtime_caps,ASSIST,ASSIST,INCOMPLETE,false,false,1.000,1.1000,10.1000,4.4000
a10-t0.1-h0-l10-bc4-ba0.95-ah0-v5,outcome_quality,ASSIST,ASSIST,INCOMPLETE,false,false,1.000,1.1000,10.1000,3.1500
a10-t0.1-h0-l10-bc4-ba0.95-ah0-v5,unit_economics,ASSIST,ASSIST,INCOMPLETE,false,false,1.000,1.1000,10.1000,3.1500
a10-t0.1-h0-l10-bc4-ba0.95-ah0-v5,tail_risk,ASSIST,SCALE,INCOMPLETE,true,true,1.000,1.1000,10.1000,3.1500
a10-t0.1-h0-l10-bc4-ba0.95-ah0-v5,business_value,ASSIST,ASSIST,INCOMPLETE,false,false,1.000,1.1000,10.1000,3.1500
a10-t0.1-h0-l10-bc4-ba0.95-ah0-v5,counterfactual,ASSIST,ASSIST,INCOMPLETE,false,false,1.000,1.1000,10.1000,3.1500
a10-t0.1-h0-l10-bc4-ba0.95-ah0-v5,runtime_caps,ASSIST,ASSIST,INCOMPLETE,false,false,1.000,1.1000,10.1000,3.1500
a10-t0.1-h5-l0-bc0-ba0.7-ah0-v5,outcome_quality,SCALE,SCALE,INCOMPLETE,false,false,1.000,0.1000,0.1000,1.4000
a10-t0.1-h5-l0-bc0-ba0.7-ah0-v5,unit_economics,SCALE,SCALE,INCOMPLETE,false,false,1.000,0.1000,0.1000,1.4000
a10-t0.1-h5-l0-bc0-ba0.7-ah0-v5,tail_risk,SCALE,SCALE,INCOMPLETE,false,false,1.000,0.1000,0.1000,1.4000
a10-t0.1-h5-l0-bc0-ba0.7-ah0-v5,business_value,SCALE,SCALE,INCOMPLETE,false,false,1.000,0.1000,0.1000,1.4000
a10-t0.1-h5-l0-bc0-ba0.7-ah0-v5,counterfactual,SCALE,SCALE,INCOMPLETE,false,false,1.000,0.1000,0.1000,1.4000
a10-t0.1-h5-l0-bc0-ba0.7-ah0-v5,runtime_caps,SCALE,SCALE,INCOMPLETE,false,false,1.000,0.1000,0.1000,1.4000
a10-t0.1-h5-l0-bc0-ba0.95-ah0-v5,outcome_quality,SCALE,SCALE,INCOMPLETE,false,false,1.000,0.1000,0.1000,0.1500
a10-t0.1-h5-l0-bc0-ba0.95-ah0-v5,unit_economics,SCALE,SCALE,INCOMPLETE,false,false,1.000,0.1000,0.1000,0.1500
a10-t0.1-h5-l0-bc0-ba0.95-ah0-v5,tail_risk,SCALE,SCALE,INCOMPLETE,false,false,1.000,0.1000,0.1000,0.1500
a10-t0.1-h5-l0-bc0-ba0.95-ah0-v5,business_value,SCALE,SCALE,INCOMPLETE,false,false,1.000,0.1000,0.1000,0.1500
a10-t0.1-h5-l0-bc0-ba0.95-ah0-v5,counterfactual,SCALE,SCALE,INCOMPLETE,false,false,1.000,0.1000,0.1000,0.1500
a10-t0.1-h5-l0-bc0-ba0.95-ah0-v5,runtime_caps,SCALE,SCALE,INCOMPLETE,false,false,1.000,0.1000,0.1000,0.1500
a10-t0.1-h5-l0-bc4-ba0.7-ah0-v5,outcome_quality,SCALE,SCALE,INCOMPLETE,false,false,1.000,0.1000,0.1000,5.4000
a10-t0.1-h5-l0-bc4-ba0.7-ah0-v5,unit_economics,SCALE,SCALE,INCOMPLETE,false,false,1.000,0.1000,0.1000,5.4000
a10-t0.1-h5-l0-bc4-ba0.7-ah0-v5,tail_risk,SCALE,SCALE,INCOMPLETE,false,false,1.000,0.1000,0.1000,5.4000
a10-t0.1-h5-l0-bc4-ba0.7-ah0-v5,business_value,SCALE,SCALE,INCOMPLETE,false,false,1.000,0.1000,0.1000,5.4000
a10-t0.1-h5-l0-bc4-ba0.7-ah0-v5,counterfactual,SCALE,SCALE,INCOMPLETE,false,false,1.000,0.1000,0.1000,5.4000
a10-t0.1-h5-l0-bc4-ba0.7-ah0-v5,runtime_caps,SCALE,SCALE,INCOMPLETE,false,false,1.000,0.1000,0.1000,5.4000
a10-t0.1-h5-l0-bc4-ba0.95-ah0-v5,outcome_quality,SCALE,SCALE,INCOMPLETE,false,false,1.000,0.1000,0.1000,4.1500
a10-t0.1-h5-l0-bc4-ba0.95-ah0-v5,unit_economics,SCALE,SCALE,INCOMPLETE,false,false,1.000,0.1000,0.1000,4.1500
a10-t0.1-h5-l0-bc4-ba0.95-ah0-v5,tail_risk,SCALE,SCALE,INCOMPLETE,false,false,1.000,0.1000,0.1000,4.1500
a10-t0.1-h5-l0-bc4-ba0.95-ah0-v5,business_value,SCALE,SCALE,INCOMPLETE,false,false,1.000,0.1000,0.1000,4.1500
a10-t0.1-h5-l0-bc4-ba0.95-ah0-v5,counterfactual,SCALE,SCALE,INCOMPLETE,false,false,1.000,0.1000,0.1000,4.1500
a10-t0.1-h5-l0-bc4-ba0.95-ah0-v5,runtime_caps,SCALE,SCALE,INCOMPLETE,false,false,1.000,0.1000,0.1000,4.1500
a10-t0.1-h5-l10-bc0-ba0.7-ah0-v5,outcome_quality,ASSIST,ASSIST,INCOMPLETE,false,false,1.000,1.1000,10.1000,0.4000
a10-t0.1-h5-l10-bc0-ba0.7-ah0-v5,unit_economics,ASSIST,ASSIST,INCOMPLETE,false,false,1.000,1.1000,10.1000,0.4000
a10-t0.1-h5-l10-bc0-ba0.7-ah0-v5,tail_risk,ASSIST,SCALE,INCOMPLETE,true,true,1.000,1.1000,10.1000,0.4000
a10-t0.1-h5-l10-bc0-ba0.7-ah0-v5,business_value,ASSIST,ASSIST,INCOMPLETE,false,false,1.000,1.1000,10.1000,0.4000
a10-t0.1-h5-l10-bc0-ba0.7-ah0-v5,counterfactual,ASSIST,ASSIST,INCOMPLETE,false,false,1.000,1.1000,10.1000,0.4000
a10-t0.1-h5-l10-bc0-ba0.7-ah0-v5,runtime_caps,ASSIST,ASSIST,INCOMPLETE,false,false,1.000,1.1000,10.1000,0.4000
a10-t0.1-h5-l10-bc0-ba0.95-ah0-v5,outcome_quality,STOP,STOP,INCOMPLETE,false,false,1.000,1.1000,10.1000,-0.8500
a10-t0.1-h5-l10-bc0-ba0.95-ah0-v5,unit_economics,STOP,STOP,INCOMPLETE,false,false,1.000,1.1000,10.1000,-0.8500
a10-t0.1-h5-l10-bc0-ba0.95-ah0-v5,tail_risk,STOP,STOP,INCOMPLETE,false,false,1.000,1.1000,10.1000,-0.8500
a10-t0.1-h5-l10-bc0-ba0.95-ah0-v5,business_value,STOP,STOP,INCOMPLETE,false,false,1.000,1.1000,10.1000,-0.8500
a10-t0.1-h5-l10-bc0-ba0.95-ah0-v5,counterfactual,STOP,ASSIST,INCOMPLETE,false,false,1.000,1.1000,10.1000,-0.8500
a10-t0.1-h5-l10-bc0-ba0.95-ah0-v5,runtime_caps,STOP,STOP,INCOMPLETE,false,false,1.000,1.1000,10.1000,-0.8500
a10-t0.1-h5-l10-bc4-ba0.7-ah0-v5,outcome_quality,ASSIST,ASSIST,INCOMPLETE,false,false,1.000,1.1000,10.1000,4.4000
a10-t0.1-h5-l10-bc4-ba0.7-ah0-v5,unit_economics,ASSIST,ASSIST,INCOMPLETE,false,false,1.000,1.1000,10.1000,4.4000
a10-t0.1-h5-l10-bc4-ba0.7-ah0-v5,tail_risk,ASSIST,SCALE,INCOMPLETE,true,true,1.000,1.1000,10.1000,4.4000
a10-t0.1-h5-l10-bc4-ba0.7-ah0-v5,business_value,ASSIST,ASSIST,INCOMPLETE,false,false,1.000,1.1000,10.1000,4.4000
a10-t0.1-h5-l10-bc4-ba0.7-ah0-v5,counterfactual,ASSIST,ASSIST,INCOMPLETE,false,false,1.000,1.1000,10.1000,4.4000
a10-t0.1-h5-l10-bc4-ba0.7-ah0-v5,runtime_caps,ASSIST,ASSIST,INCOMPLETE,false,false,1.000,1.1000,10.1000,4.4000
a10-t0.1-h5-l10-bc4-ba0.95-ah0-v5,outcome_quality,ASSIST,ASSIST,INCOMPLETE,false,false,1.000,1.1000,10.1000,3.1500
a10-t0.1-h5-l10-bc4-ba0.95-ah0-v5,unit_economics,ASSIST,ASSIST,INCOMPLETE,false,false,1.000,1.1000,10.1000,3.1500
a10-t0.1-h5-l10-bc4-ba0.95-ah0-v5,tail_risk,ASSIST,SCALE,INCOMPLETE,true,true,1.000,1.1000,10.1000,3.1500
a10-t0.1-h5-l10-bc4-ba0.95-ah0-v5,business_value,ASSIST,ASSIST,INCOMPLETE,false,false,1.000,1.1000,10.1000,3.1500
a10-t0.1-h5-l10-bc4-ba0.95-ah0-v5,counterfactual,ASSIST,ASSIST,INCOMPLETE,false,false,1.000,1.1000,10.1000,3.1500
a10-t0.1-h5-l10-bc4-ba0.95-ah0-v5,runtime_caps,ASSIST,ASSIST,INCOMPLETE,false,false,1.000,1.1000,10.1000,3.1500
a10-t1.5-h0-l0-bc0-ba0.7-ah0-v5,outcome_quality,ASSIST,ASSIST,INCOMPLETE,false,false,1.000,1.5000,1.5000,0.0000
a10-t1.5-h0-l0-bc0-ba0.7-ah0-v5,unit_economics,ASSIST,ASSIST,INCOMPLETE,false,false,1.000,1.5000,1.5000,0.0000
a10-t1.5-h0-l0-bc0-ba0.7-ah0-v5,tail_risk,ASSIST,ASSIST,INCOMPLETE,false,false,1.000,1.5000,1.5000,0.0000
a10-t1.5-h0-l0-bc0-ba0.7-ah0-v5,business_value,ASSIST,ASSIST,INCOMPLETE,false,false,1.000,1.5000,1.5000,0.0000
a10-t1.5-h0-l0-bc0-ba0.7-ah0-v5,counterfactual,ASSIST,ASSIST,INCOMPLETE,false,false,1.000,1.5000,1.5000,0.0000
a10-t1.5-h0-l0-bc0-ba0.7-ah0-v5,runtime_caps,ASSIST,SCALE,INCOMPLETE,true,true,1.000,1.5000,1.5000,0.0000
a10-t1.5-h0-l0-bc0-ba0.95-ah0-v5,outcome_quality,STOP,STOP,INCOMPLETE,false,false,1.000,1.5000,1.5000,-1.2500
a10-t1.5-h0-l0-bc0-ba0.95-ah0-v5,unit_economics,STOP,STOP,INCOMPLETE,false,false,1.000,1.5000,1.5000,-1.2500
a10-t1.5-h0-l0-bc0-ba0.95-ah0-v5,tail_risk,STOP,STOP,INCOMPLETE,false,false,1.000,1.5000,1.5000,-1.2500
a10-t1.5-h0-l0-bc0-ba0.95-ah0-v5,business_value,STOP,STOP,INCOMPLETE,false,false,1.000,1.5000,1.5000,-1.2500
a10-t1.5-h0-l0-bc0-ba0.95-ah0-v5,counterfactual,STOP,ASSIST,INCOMPLETE,false,false,1.000,1.5000,1.5000,-1.2500
a10-t1.5-h0-l0-bc0-ba0.95-ah0-v5,runtime_caps,STOP,STOP,INCOMPLETE,false,false,1.000,1.5000,1.5000,-1.2500
a10-t1.5-h0-l0-bc4-ba0.7-ah0-v5,outcome_quality,ASSIST,ASSIST,INCOMPLETE,false,false,1.000,1.5000,1.5000,4.0000
a10-t1.5-h0-l0-bc4-ba0.7-ah0-v5,unit_economics,ASSIST,ASSIST,INCOMPLETE,false,false,1.000,1.5000,1.5000,4.0000
a10-t1.5-h0-l0-bc4-ba0.7-ah0-v5,tail_risk,ASSIST,ASSIST,INCOMPLETE,false,false,1.000,1.5000,1.5000,4.0000
a10-t1.5-h0-l0-bc4-ba0.7-ah0-v5,business_value,ASSIST,ASSIST,INCOMPLETE,false,false,1.000,1.5000,1.5000,4.0000
a10-t1.5-h0-l0-bc4-ba0.7-ah0-v5,counterfactual,ASSIST,ASSIST,INCOMPLETE,false,false,1.000,1.5000,1.5000,4.0000
a10-t1.5-h0-l0-bc4-ba0.7-ah0-v5,runtime_caps,ASSIST,SCALE,INCOMPLETE,true,true,1.000,1.5000,1.5000,4.0000
a10-t1.5-h0-l0-bc4-ba0.95-ah0-v5,outcome_quality,ASSIST,ASSIST,INCOMPLETE,false,false,1.000,1.5000,1.5000,2.7500
a10-t1.5-h0-l0-bc4-ba0.95-ah0-v5,unit_economics,ASSIST,ASSIST,INCOMPLETE,false,false,1.000,1.5000,1.5000,2.7500
a10-t1.5-h0-l0-bc4-ba0.95-ah0-v5,tail_risk,ASSIST,ASSIST,INCOMPLETE,false,false,1.000,1.5000,1.5000,2.7500
a10-t1.5-h0-l0-bc4-ba0.95-ah0-v5,business_value,ASSIST,ASSIST,INCOMPLETE,false,false,1.000,1.5000,1.5000,2.7500
a10-t1.5-h0-l0-bc4-ba0.95-ah0-v5,counterfactual,ASSIST,ASSIST,INCOMPLETE,false,false,1.000,1.5000,1.5000,2.7500
a10-t1.5-h0-l0-bc4-ba0.95-ah0-v5,runtime_caps,ASSIST,SCALE,INCOMPLETE,true,true,1.000,1.5000,1.5000,2.7500
a10-t1.5-h0-l10-bc0-ba0.7-ah0-v5,outcome_quality,STOP,STOP,INCOMPLETE,false,false,1.000,2.5000,11.5000,-1.0000
a10-t1.5-h0-l10-bc0-ba0.7-ah0-v5,unit_economics,STOP,STOP,INCOMPLETE,false,false,1.000,2.5000,11.5000,-1.0000
a10-t1.5-h0-l10-bc0-ba0.7-ah0-v5,tail_risk,STOP,STOP,INCOMPLETE,false,false,1.000,2.5000,11.5000,-1.0000
a10-t1.5-h0-l10-bc0-ba0.7-ah0-v5,business_value,STOP,STOP,INCOMPLETE,false,false,1.000,2.5000,11.5000,-1.0000
a10-t1.5-h0-l10-bc0-ba0.7-ah0-v5,counterfactual,STOP,ASSIST,INCOMPLETE,false,false,1.000,2.5000,11.5000,-1.0000
a10-t1.5-h0-l10-bc0-ba0.7-ah0-v5,runtime_caps,STOP,STOP,INCOMPLETE,false,false,1.000,2.5000,11.5000,-1.0000
a10-t1.5-h0-l10-bc0-ba0.95-ah0-v5,outcome_quality,STOP,STOP,INCOMPLETE,false,false,1.000,2.5000,11.5000,-2.2500
a10-t1.5-h0-l10-bc0-ba0.95-ah0-v5,unit_economics,STOP,STOP,INCOMPLETE,false,false,1.000,2.5000,11.5000,-2.2500
a10-t1.5-h0-l10-bc0-ba0.95-ah0-v5,tail_risk,STOP,STOP,INCOMPLETE,false,false,1.000,2.5000,11.5000,-2.2500
a10-t1.5-h0-l10-bc0-ba0.95-ah0-v5,business_value,STOP,STOP,INCOMPLETE,false,false,1.000,2.5000,11.5000,-2.2500
a10-t1.5-h0-l10-bc0-ba0.95-ah0-v5,counterfactual,STOP,ASSIST,INCOMPLETE,false,false,1.000,2.5000,11.5000,-2.2500
a10-t1.5-h0-l10-bc0-ba0.95-ah0-v5,runtime_caps,STOP,STOP,INCOMPLETE,false,false,1.000,2.5000,11.5000,-2.2500
a10-t1.5-h0-l10-bc4-ba0.7-ah0-v5,outcome_quality,ASSIST,ASSIST,INCOMPLETE,false,false,1.000,2.5000,11.5000,3.0000
a10-t1.5-h0-l10-bc4-ba0.7-ah0-v5,unit_economics,ASSIST,ASSIST,INCOMPLETE,false,false,1.000,2.5000,11.5000,3.0000
a10-t1.5-h0-l10-bc4-ba0.7-ah0-v5,tail_risk,ASSIST,ASSIST,INCOMPLETE,false,false,1.000,2.5000,11.5000,3.0000
a10-t1.5-h0-l10-bc4-ba0.7-ah0-v5,business_value,ASSIST,ASSIST,INCOMPLETE,false,false,1.000,2.5000,11.5000,3.0000
a10-t1.5-h0-l10-bc4-ba0.7-ah0-v5,counterfactual,ASSIST,ASSIST,INCOMPLETE,false,false,1.000,2.5000,11.5000,3.0000
a10-t1.5-h0-l10-bc4-ba0.7-ah0-v5,runtime_caps,ASSIST,ASSIST,INCOMPLETE,false,false,1.000,2.5000,11.5000,3.0000
a10-t1.5-h0-l10-bc4-ba0.95-ah0-v5,outcome_quality,ASSIST,ASSIST,INCOMPLETE,false,false,1.000,2.5000,11.5000,1.7500
a10-t1.5-h0-l10-bc4-ba0.95-ah0-v5,unit_economics,ASSIST,ASSIST,INCOMPLETE,false,false,1.000,2.5000,11.5000,1.7500
a10-t1.5-h0-l10-bc4-ba0.95-ah0-v5,tail_risk,ASSIST,ASSIST,INCOMPLETE,false,false,1.000,2.5000,11.5000,1.7500
a10-t1.5-h0-l10-bc4-ba0.95-ah0-v5,business_value,ASSIST,ASSIST,INCOMPLETE,false,false,1.000,2.5000,11.5000,1.7500
a10-t1.5-h0-l10-bc4-ba0.95-ah0-v5,counterfactual,ASSIST,ASSIST,INCOMPLETE,false,false,1.000,2.5000,11.5000,1.7500
a10-t1.5-h0-l10-bc4-ba0.95-ah0-v5,runtime_caps,ASSIST,ASSIST,INCOMPLETE,false,false,1.000,2.5000,11.5000,1.7500
a10-t1.5-h5-l0-bc0-ba0.7-ah0-v5,outcome_quality,ASSIST,ASSIST,INCOMPLETE,false,false,1.000,1.5000,1.5000,0.0000
a10-t1.5-h5-l0-bc0-ba0.7-ah0-v5,unit_economics,ASSIST,ASSIST,INCOMPLETE,false,false,1.000,1.5000,1.5000,0.0000
a10-t1.5-h5-l0-bc0-ba0.7-ah0-v5,tail_risk,ASSIST,ASSIST,INCOMPLETE,false,false,1.000,1.5000,1.5000,0.0000
a10-t1.5-h5-l0-bc0-ba0.7-ah0-v5,business_value,ASSIST,ASSIST,INCOMPLETE,false,false,1.000,1.5000,1.5000,0.0000
a10-t1.5-h5-l0-bc0-ba0.7-ah0-v5,counterfactual,ASSIST,ASSIST,INCOMPLETE,false,false,1.000,1.5000,1.5000,0.0000
a10-t1.5-h5-l0-bc0-ba0.7-ah0-v5,runtime_caps,ASSIST,SCALE,INCOMPLETE,true,true,1.000,1.5000,1.5000,0.0000
a10-t1.5-h5-l0-bc0-ba0.95-ah0-v5,outcome_quality,STOP,STOP,INCOMPLETE,false,false,1.000,1.5000,1.5000,-1.2500
a10-t1.5-h5-l0-bc0-ba0.95-ah0-v5,unit_economics,STOP,STOP,INCOMPLETE,false,false,1.000,1.5000,1.5000,-1.2500
a10-t1.5-h5-l0-bc0-ba0.95-ah0-v5,tail_risk,STOP,STOP,INCOMPLETE,false,false,1.000,1.5000,1.5000,-1.2500
a10-t1.5-h5-l0-bc0-ba0.95-ah0-v5,business_value,STOP,STOP,INCOMPLETE,false,false,1.000,1.5000,1.5000,-1.2500
a10-t1.5-h5-l0-bc0-ba0.95-ah0-v5,counterfactual,STOP,ASSIST,INCOMPLETE,false,false,1.000,1.5000,1.5000,-1.2500
a10-t1.5-h5-l0-bc0-ba0.95-ah0-v5,runtime_caps,STOP,STOP,INCOMPLETE,false,false,1.000,1.5000,1.5000,-1.2500
a10-t1.5-h5-l0-bc4-ba0.7-ah0-v5,outcome_quality,ASSIST,ASSIST,INCOMPLETE,false,false,1.000,1.5000,1.5000,4.0000
a10-t1.5-h5-l0-bc4-ba0.7-ah0-v5,unit_economics,ASSIST,ASSIST,INCOMPLETE,false,false,1.000,1.5000,1.5000,4.0000
a10-t1.5-h5-l0-bc4-ba0.7-ah0-v5,tail_risk,ASSIST,ASSIST,INCOMPLETE,false,false,1.000,1.5000,1.5000,4.0000
a10-t1.5-h5-l0-bc4-ba0.7-ah0-v5,business_value,ASSIST,ASSIST,INCOMPLETE,false,false,1.000,1.5000,1.5000,4.0000
a10-t1.5-h5-l0-bc4-ba0.7-ah0-v5,counterfactual,ASSIST,ASSIST,INCOMPLETE,false,false,1.000,1.5000,1.5000,4.0000
a10-t1.5-h5-l0-bc4-ba0.7-ah0-v5,runtime_caps,ASSIST,SCALE,INCOMPLETE,true,true,1.000,1.5000,1.5000,4.0000
a10-t1.5-h5-l0-bc4-ba0.95-ah0-v5,outcome_quality,ASSIST,ASSIST,INCOMPLETE,false,false,1.000,1.5000,1.5000,2.7500
a10-t1.5-h5-l0-bc4-ba0.95-ah0-v5,unit_economics,ASSIST,ASSIST,INCOMPLETE,false,false,1.000,1.5000,1.5000,2.7500
a10-t1.5-h5-l0-bc4-ba0.95-ah0-v5,tail_risk,ASSIST,ASSIST,INCOMPLETE,false,false,1.000,1.5000,1.5000,2.7500
a10-t1.5-h5-l0-bc4-ba0.95-ah0-v5,business_value,ASSIST,ASSIST,INCOMPLETE,false,false,1.000,1.5000,1.5000,2.7500
a10-t1.5-h5-l0-bc4-ba0.95-ah0-v5,counterfactual,ASSIST,ASSIST,INCOMPLETE,false,false,1.000,1.5000,1.5000,2.7500
a10-t1.5-h5-l0-bc4-ba0.95-ah0-v5,runtime_caps,ASSIST,SCALE,INCOMPLETE,true,true,1.000,1.5000,1.5000,2.7500
a10-t1.5-h5-l10-bc0-ba0.7-ah0-v5,outcome_quality,STOP,STOP,INCOMPLETE,false,false,1.000,2.5000,11.5000,-1.0000
a10-t1.5-h5-l10-bc0-ba0.7-ah0-v5,unit_economics,STOP,STOP,INCOMPLETE,false,false,1.000,2.5000,11.5000,-1.0000
a10-t1.5-h5-l10-bc0-ba0.7-ah0-v5,tail_risk,STOP,STOP,INCOMPLETE,false,false,1.000,2.5000,11.5000,-1.0000
a10-t1.5-h5-l10-bc0-ba0.7-ah0-v5,business_value,STOP,STOP,INCOMPLETE,false,false,1.000,2.5000,11.5000,-1.0000
a10-t1.5-h5-l10-bc0-ba0.7-ah0-v5,counterfactual,STOP,ASSIST,INCOMPLETE,false,false,1.000,2.5000,11.5000,-1.0000
a10-t1.5-h5-l10-bc0-ba0.7-ah0-v5,runtime_caps,STOP,STOP,INCOMPLETE,false,false,1.000,2.5000,11.5000,-1.0000
a10-t1.5-h5-l10-bc0-ba0.95-ah0-v5,outcome_quality,STOP,STOP,INCOMPLETE,false,false,1.000,2.5000,11.5000,-2.2500
a10-t1.5-h5-l10-bc0-ba0.95-ah0-v5,unit_economics,STOP,STOP,INCOMPLETE,false,false,1.000,2.5000,11.5000,-2.2500
a10-t1.5-h5-l10-bc0-ba0.95-ah0-v5,tail_risk,STOP,STOP,INCOMPLETE,false,false,1.000,2.5000,11.5000,-2.2500
a10-t1.5-h5-l10-bc0-ba0.95-ah0-v5,business_value,STOP,STOP,INCOMPLETE,false,false,1.000,2.5000,11.5000,-2.2500
a10-t1.5-h5-l10-bc0-ba0.95-ah0-v5,counterfactual,STOP,ASSIST,INCOMPLETE,false,false,1.000,2.5000,11.5000,-2.2500
a10-t1.5-h5-l10-bc0-ba0.95-ah0-v5,runtime_caps,STOP,STOP,INCOMPLETE,false,false,1.000,2.5000,11.5000,-2.2500
a10-t1.5-h5-l10-bc4-ba0.7-ah0-v5,outcome_quality,ASSIST,ASSIST,INCOMPLETE,false,false,1.000,2.5000,11.5000,3.0000
a10-t1.5-h5-l10-bc4-ba0.7-ah0-v5,unit_economics,ASSIST,ASSIST,INCOMPLETE,false,false,1.000,2.5000,11.5000,3.0000
a10-t1.5-h5-l10-bc4-ba0.7-ah0-v5,tail_risk,ASSIST,ASSIST,INCOMPLETE,false,false,1.000,2.5000,11.5000,3.0000
a10-t1.5-h5-l10-bc4-ba0.7-ah0-v5,business_value,ASSIST,ASSIST,INCOMPLETE,false,false,1.000,2.5000,11.5000,3.0000
a10-t1.5-h5-l10-bc4-ba0.7-ah0-v5,counterfactual,ASSIST,ASSIST,INCOMPLETE,false,false,1.000,2.5000,11.5000,3.0000
a10-t1.5-h5-l10-bc4-ba0.7-ah0-v5,runtime_caps,ASSIST,ASSIST,INCOMPLETE,false,false,1.000,2.5000,11.5000,3.0000
a10-t1.5-h5-l10-bc4-ba0.95-ah0-v5,outcome_quality,ASSIST,ASSIST,INCOMPLETE,false,false,1.000,2.5000,11.5000,1.7500
a10-t1.5-h5-l10-bc4-ba0.95-ah0-v5,unit_economics,ASSIST,ASSIST,INCOMPLETE,false,false,1.000,2.5000,11.5000,1.7500
a10-t1.5-h5-l10-bc4-ba0.95-ah0-v5,tail_risk,ASSIST,ASSIST,INCOMPLETE,false,false,1.000,2.5000,11.5000,1.7500
a10-t1.5-h5-l10-bc4-ba0.95-ah0-v5,business_value,ASSIST,ASSIST,INCOMPLETE,false,false,1.000,2.5000,11.5000,1.7500
a10-t1.5-h5-l10-bc4-ba0.95-ah0-v5,counterfactual,ASSIST,ASSIST,INCOMPLETE,false,false,1.000,2.5000,11.5000,1.7500
a10-t1.5-h5-l10-bc4-ba0.95-ah0-v5,runtime_caps,ASSIST,ASSIST,INCOMPLETE,false,false,1.000,2.5000,11.5000,1.7500
a10-t0.1-h0-l0-bc4-ba0.7-ah3-v5,outcome_quality,ASSIST,ASSIST,INCOMPLETE,false,false,1.000,3.1000,3.1000,2.4000
a10-t0.1-h0-l0-bc4-ba0.7-ah3-v5,unit_economics,ASSIST,SCALE,INCOMPLETE,true,true,1.000,3.1000,3.1000,2.4000
a10-t0.1-h0-l0-bc4-ba0.7-ah3-v5,tail_risk,ASSIST,ASSIST,INCOMPLETE,false,false,1.000,3.1000,3.1000,2.4000
a10-t0.1-h0-l0-bc4-ba0.7-ah3-v5,business_value,ASSIST,ASSIST,INCOMPLETE,false,false,1.000,3.1000,3.1000,2.4000
a10-t0.1-h0-l0-bc4-ba0.7-ah3-v5,counterfactual,ASSIST,ASSIST,INCOMPLETE,false,false,1.000,3.1000,3.1000,2.4000
a10-t0.1-h0-l0-bc4-ba0.7-ah3-v5,runtime_caps,ASSIST,ASSIST,INCOMPLETE,false,false,1.000,3.1000,3.1000,2.4000
a10-t0.1-h0-l0-bc4-ba0.7-ah0-v0.05,outcome_quality,STOP,STOP,INCOMPLETE,false,false,1.000,0.1000,0.1000,3.9150
a10-t0.1-h0-l0-bc4-ba0.7-ah0-v0.05,unit_economics,STOP,STOP,INCOMPLETE,false,false,1.000,0.1000,0.1000,3.9150
a10-t0.1-h0-l0-bc4-ba0.7-ah0-v0.05,tail_risk,STOP,STOP,INCOMPLETE,false,false,1.000,0.1000,0.1000,3.9150
a10-t0.1-h0-l0-bc4-ba0.7-ah0-v0.05,business_value,STOP,SCALE,INCOMPLETE,true,true,1.000,0.1000,0.1000,3.9150
a10-t0.1-h0-l0-bc4-ba0.7-ah0-v0.05,counterfactual,STOP,STOP,INCOMPLETE,false,false,1.000,0.1000,0.1000,3.9150
a10-t0.1-h0-l0-bc4-ba0.7-ah0-v0.05,runtime_caps,STOP,STOP,INCOMPLETE,false,false,1.000,0.1000,0.1000,3.9150
